id,ccaa,provincia,municipio,promotor,razon_social,proyecto,nombre_proyecto,id_proyecto,tipo_expediente,es_cpd,potencia_mw,magnitud_potencia,base_potencia,potencia_mva,superficie_ha,inversion_meur,origen_inversion,pem_eur,tramite,fecha,estado,referencia,url,fiabilidad,verificacion,nif_promotor,origen
ANF-01,Andalucia,,Málaga,"Saltburn Holding, S.L",,,Saltburn Holding - Málaga,AN-P01,Urbanistico,Si,,,,,,,,,Informacion publica,,,"BOJA num. 104 de 2026, disposicion 37; expte. relativo",https://www.juntadeandalucia.es/boja/2026/104/37,OFICIAL,verificada,,ficha AN
ANF-02,Andalucia,,Málaga,"Saltburn Holding, S.L",,,Saltburn Holding - Málaga,AN-P01,Urbanistico,Si,,,,,,,,,Informacion publica,2026-06-02,,"BOJA num. 104 de 2026, disposicion 37; expte. relativo",https://www.juntadeandalucia.es/boja/2026/104/37,OFICIAL,verificada,,ficha AN
CP-01,Andalucia,Sevilla,,"Sociedad Andaluza para el Desarrollo de las Telecomunicaciones, S.A.",,OBRA DE CONSTRUCCION DEL NUEVO CPD DE LA JUNTA DE ANDALUCIA,Sociedad Andaluza para el Desarrollo de las Telecomunicaciones - sin localizar,AN-P01-2,Contratacion,Si,,,,,,,,,Anuncio previo,2024-03-20,,TED 168753-2024,https://ted.europa.eu/es/notice/-/detail/168753-2024,OFICIAL,,,contratacion
CP-02,Andalucia,Sevilla,,"Sociedad Andaluza para el Desarrollo de las Telecomunicaciones, S.A.",,OBRA DE CONSTRUCCION DEL NUEVO CPD DE LA JUNTA DE ANDALUCIA,Sociedad Andaluza para el Desarrollo de las Telecomunicaciones - sin localizar,AN-P01-2,Contratacion,Si,,,,,,,,,Anuncio previo,2024-04-12,,TED 218637-2024,https://ted.europa.eu/es/notice/-/detail/218637-2024,OFICIAL,,,contratacion
CP-03,Andalucia,Sevilla,,"Sociedad Andaluza para el Desarrollo de las Telecomunicaciones, S.A.",,OBRA DE CONSTRUCCION DEL NUEVO CPD DE LA JUNTA DE ANDALUCIA,Sociedad Andaluza para el Desarrollo de las Telecomunicaciones - sin localizar,AN-P01-2,Contratacion,Si,,,,,,,,,Licitacion,2024-07-19,,TED 435790-2024,https://ted.europa.eu/es/notice/-/detail/435790-2024,OFICIAL,,,contratacion
CP-04,Andalucia,Sevilla,,"Sociedad Andaluza para el Desarrollo de las Telecomunicaciones, S.A.",,OBRA DE CONSTRUCCION DEL NUEVO CPD DE LA JUNTA DE ANDALUCIA,Sociedad Andaluza para el Desarrollo de las Telecomunicaciones - sin localizar,AN-P01-2,Contratacion,Si,,,,,,,,,Licitacion,2024-08-09,,TED 481338-2024,https://ted.europa.eu/es/notice/-/detail/481338-2024,OFICIAL,,,contratacion
CP-07,Andalucia,Sevilla,,"Sociedad Andaluza para el Desarrollo de las Telecomunicaciones, S.A.",,OBRA DE CONSTRUCCION DEL NUEVO CPD DE LA JUNTA DE ANDALUCIA,Sociedad Andaluza para el Desarrollo de las Telecomunicaciones - sin localizar,AN-P01-2,Contratacion,Si,,,,,,19.203,"Importe de adjudicacion del contrato publico, anuncio TED 574958-2025 de 2025-09-03",,Adjudicacion,2025-09-03,,TED 574958-2025,https://ted.europa.eu/es/notice/-/detail/574958-2025,OFICIAL,,,contratacion
AR-01,Aragon,Zaragoza / Huesca,El Burgo de Ebro; Villanueva de Gallego; Huesca,"Amazon Data Services Spain, S.L.","Amazon Data Services, Spain, SL",PIGA implantacion de centros de datos en Aragon,"Amazon Data Services Spain - El Burgo de Ebro, Huesca, Huesca (Walqa)",AR-P01,Urbanistico,Si,,,,,,2500.0,Nota de prensa del Gobierno de Aragon (10 anos),,Proyecto de Interes General de Aragon,2020-07,Aprobado; en servicio desde nov-2022,Ficha PIGA aragon.es,https://www.aragon.es/-/planes-y-proyectos-de-interes-general-de-aragon,OFICIAL-NP,no_comprobable,B86339595,base
AR-02,Aragon,Huesca / Zaragoza,Huesca (Walqa); Villanueva de Gallego,"Amazon Data Services Spain, S.L.","Amazon Data Services, Spain, SL",PIGA expansion de la Region AWS en Aragon,"Amazon Data Services Spain - El Burgo de Ebro, Huesca, Huesca (Walqa)",AR-P01,Urbanistico,Si,300.0,electrica,Electrica solicitada,,150.0,,Cifra corporativa de 33.700 M EUR referida a toda Espana; no imputable al expediente,,PIGA - 3a aprobacion parcial definitiva,2026-05-05,Aprobado parcialmente,aragonhoy 104904,https://www.aragonhoy.es/fomento-vivienda-logistica-cohesion-territorial/aprobada-definitivamente-parte-piga-aws-iniciar-edificacion-nuevos-centros-datos-huesca-villanueva-gallego-104904,OFICIAL-NP,cita_no_verifica,B86339595,base
AR-03,Aragon,Zaragoza / Huesca,Huesca; Villanueva de Gallego; El Burgo de Ebro; La Cartuja Baja,"Amazon Data Services Spain, S.L.","Amazon Data Services, Spain, SL","Infraestructuras hidraulicas, electricas y de fibra optica del PIGA","Amazon Data Services Spain - El Burgo de Ebro, Huesca, Huesca (Walqa)",AR-P01,Urbanistico,No,,,,,,,,,Aprobacion parcial PIGA + declaracion de utilidad publica; informacion publica 20 dias habiles,2025-11-12,Aprobado / informacion publica,Aragon Digital 12-11-2025,https://www.aragondigital.es/articulo/economia/dga-da-luz-verde-infraestructuras-necesarias-ampliacion-centros-datos-amazon/20251112132723952169.html,PRENSA,no_comprobable,B86339595,base
AR-04,Aragon,Zaragoza,El Burgo de Ebro,"Amazon Data Services Spain, S.L.","Amazon Data Services, Spain, SL",Centros de datos El Burgo de Ebro (4 edificios),"Amazon Data Services Spain - El Burgo de Ebro, Huesca, Huesca (Walqa)",AR-P01,Ambiental,Si,,consumo,Consumo declarado 1.766.000 MWh/ano,,43.0,,,,Autorizacion ambiental integrada / evaluacion ambiental (INAGA),2026-05,Autorizado,El Espanol 27-05-2026,https://www.elespanol.com/aragon/economia/20260527/amazon-recibe-visto-bueno-ambiental-continuar-expansion-centros-datos-burgo-ebro/1003744260953_0.html,PRENSA,verificada,B86339595,base
AR-05,Aragon,Huesca,Huesca; La Sotonera (Plasencia del Monte),"Amazon Data Services Spain, S.L.","Amazon Data Services, Spain, SL",Infraestructura electrica del centro de datos WQA (Walqa),"Amazon Data Services Spain - El Burgo de Ebro, Huesca, Huesca (Walqa)",AR-P01,Electrico,No,,,,2x400 MVA (220 kV) + 2x100 MVA (132 kV),,,,,"Declaracion de impacto ambiental (INAGA), favorable",2025-10,Resolucion favorable; publicada en BOA nov-2025; en obra,BOA nov-2025 (no verificado),,PRENSA,no_comprobable,B86339595,base
AR-06,Aragon,Zaragoza,El Burgo de Ebro,"Amazon Web Services, S.L. / Amazon Data Services Spain, S.L.",,Linea subterranea 45 kV Espartal/Cartujos - centro de seccionamiento El Espartal II,Amazon Web Services - El Burgo de Ebro,AR-P02,Electrico,No,,,,45 kV,,,,,Declaracion de obra directamente ejecutable dentro del PIGA,2023,Aprobado,aragonhoy 93134,https://www.aragonhoy.es/consejos-de-gobierno/aprobada-construccion-linea-alta-tension-conectar-centro-datos-amazon-burgo-ebro-93134,OFICIAL-NP,no_comprobable,,base
AR-07,Aragon,Zaragoza,La Muela; Villamayor de Gallego; Zaragoza,"Microsoft 7724 Spain, S.L.U.",,PIGA Region MSFT en Aragon,"Microsoft 7724 Spain - La Muela, Villamayor de Gallego, Zaragoza",AR-P03,Urbanistico,Si,1846.0,electrica,"Electrica concedida (dato de alegantes, no verificado en expediente)",,283.79,5300.0,Presupuesto de urbanizacion y construccion declarado en el PIGA,,PIGA - aprobacion inicial e informacion publica 30 dias habiles,2025-11-14,Aprobado inicialmente / informacion publica,aragonhoy 102741,https://www.aragonhoy.es/fomento-vivienda-logistica-cohesion-territorial/aprobado-inicialmente-piga-microsoft-instalacion-tres-centros-datos-aragon-102741,OFICIAL-NP,cita_no_verifica,,base
AR-08,Aragon,Zaragoza,Zaragoza (Puerto Venecia),"Microsoft 7724 Spain, S.L.U.",,Campus de centros de datos Puerto Venecia,"Microsoft 7724 Spain - La Muela, Villamayor de Gallego, Zaragoza",AR-P03,Urbanistico,Si,,,,,59.0,2882.0,Prensa (582 M EUR fase 1; 2.882 M EUR total),,DIGA (nov-2025) + licencia municipal de acceso y limpieza de parcela,2026-02,Licencia inicial concedida,DCD 20-02-2026,https://www.datacenterdynamics.com/es/noticias/microsoft-arranca-su-campus-data-center-en-puerto-venecia-zaragoza/,PRENSA,no_comprobable,,base
AR-09,Aragon,Zaragoza,Zaragoza,"Microsoft 7724 Spain, S.L.U.",,Vertido de excedentes de excavacion (Las Canteras / Pinares de Venecia),"Microsoft 7724 Spain - La Muela, Villamayor de Gallego, Zaragoza",AR-P03,Ambiental,No,,,,,,,,,Evaluacion de impacto ambiental - informacion publica (23 dias),2026-07-30,En tramitacion; 349 alegaciones,Hoy Aragon 28-08-2026,https://www.hoyaragon.es/zaragoza/alegaciones-microsoft-torrero-pinares/20260828113302143840.html,PRENSA,no_comprobable,,base
AR-10,Aragon,Zaragoza,Calatorao,"Calanza Inmuebles, S.L. (Blackstone) / QTS",,Proyecto Rhodes,Calanza Inmuebles - Calatorao,AR-P04,Ambiental,Si,1000.0,electrica,"Electrica (fase 2, mas de 1.000 MW)",,224.0,11805.0,Anuncio del promotor recogido en prensa,,Evaluacion ambiental simplificada: INAGA resuelve no someter a evaluacion ordinaria,2026-07-23,Resuelto; publicado en BOA de 05-08-2026,BOA 05-08-2026 (numero de expediente no verificado),https://www.hoyaragon.es/aragon/centro-datos-blackstone-qts-calatorao-ambiental/20260805100944140774.html,PRENSA,verificada,,base
AR-11,Aragon,Zaragoza,Botorrita; Muel,"Merlin Properties SOCIMI, S.A.",,Zaragoza Win,"Merlin Properties - Botorrita, Muel",AR-P05,Interes autonomico,Si,467.0,electrica,Electrica (227 MW fase 1 + 240 MW fase 2),,60.0,1224.0,Memoria del promotor recogida en el acuerdo de Consejo de Gobierno,,Declaracion de Inversion de Interes Autonomico (DIGA),2026-07-22,Aprobada; obras previstas 2027,Acuerdo de Consejo de Gobierno 22-07-2026,https://www.aragonplay.es/aragonnoticias/zaragoza/merlin-properties-levantara-centro-datos-botorrita-inversion-1-224-millones.html,PRENSA,cita_no_verifica,,base
AR-12,Aragon,Zaragoza,Villanueva de Gallego,Vantage Data Centers (con Desarrollos Ecoindustriales de La Cartuja),,Data center Vantage Villanueva de Gallego,Vantage Data Centers - Villanueva de Gallego,AR-P06,Ambiental,Si,90.0,electrica,Electrica concedida fase 1,,48.0,3200.0,Nota de prensa del promotor,,Evaluacion de impacto ambiental - informacion publica,2026-03,Pendiente de resolucion del INAGA,Expediente no localizado,https://www.elespanol.com/aragon/economia/20260320/centro-datos-vantage-villanueva-gallego-comenzara-funcionar-sin-energia-renovable/1003744176749_0.html,PRENSA,verificada,,base
AR-13,Aragon,Zaragoza,Luceni; Pedrola; Plasencia de Jalon; Rueda de Jalon,Grupo Samca - Green IT Aragon,,PIGA Green IT Aragon,"Grupo Samca - Green IT Aragon - Luceni, Pedrola, Plasencia de Jalon",AR-P07,Urbanistico,Si,131.0,electrica,Electrica inicial (escalable a 300 MW),,,2627.0,Anuncio del promotor recogido en prensa,,Plan de Interes General de Aragon - proyecto definitivo,2025-12,Aprobado; obras 2S-2026; operativo 2028,DCD,https://www.datacenterdynamics.com/es/noticias/grupo-samca-impulsa-en-zaragoza-un-campus-de-centros-de-datos-con-inversi%C3%B3n-de-2627-millones/,PRENSA,no_comprobable,,base
AR-14,Aragon,Zaragoza,Villamayor de Gallego,Grupo Azora - Tillion Data Centers,,PIGA Tillion Aragon,Grupo Azora - Tillion Data Centers - Villamayor de Gallego,AR-P08,Interes autonomico,Si,150.0,electrica,Electrica inicial (ampliable a 300 MW),,,1100.0,Nota de prensa del Gobierno de Aragon (hasta 1.950 M EUR con ampliacion; 2.360 M EUR en prensa jul-2026),,DIGA + PIGA en tramitacion,2025-03,DIGA aprobada; PIGA en tramitacion,aragonhoy 99309,https://www.aragonhoy.es/presidencia-de-gobierno/azora-levantara-centro-datos-villamayor-gallego-inversion-inicial-1-100-millones-euros-99309,OFICIAL-NP,verificada,,base
AR-15,Aragon,Zaragoza,La Puebla de Alfinden,ACS Data Centers + Benbros Energy,,PIGA centro de datos de La Puebla de Alfinden,ACS Data Centers - La Puebla de Alfinden,AR-P09,Interes autonomico,Si,300.0,electrica,Electrica (150 MW fase 1 + 150 MW fase 2),,25.0,1254.0,Anuncio recogido en prensa (hasta 2.500 M EUR con fase 2),,DIGA (Consejo de Gobierno) + PIGA en tramitacion,2025-07-02,DIGA aprobada; PIGA en tramitacion,Ficha aragon.es (no accesible),,PRENSA,no_comprobable,,base
AR-16,Aragon,Zaragoza,Epila,Box2Bit,,Epilon - campus de centros de datos,"Box2Bit - El Burgo de Ebro, Epila, Zaragoza (reservas en Carinena y Calatayud)",AR-P10,Interes autonomico,Si,,,,,,3900.0,Nota de prensa del Gobierno de Aragon (1.125 M EUR fase inicial + 2.775 M EUR fases posteriores),,Declaracion de Inversion de Interes Autonomico,2026-01-28,Aprobada; operativo previsto 2029,aragonhoy 103723,https://www.aragonhoy.es/consejos-de-gobierno/respaldo-gobierno-aragon-proyecto-box2bit-creara-1-800-puestos-epila-103723,OFICIAL-NP,no_comprobable,,base
AR-17,Aragon,Zaragoza,El Burgo de Ebro; Zaragoza (reservas en Carinena y Calatayud),Box2Bit (con Capital Energy),,Proyecto Ebro,"Box2Bit - El Burgo de Ebro, Epila, Zaragoza (reservas en Carinena y Calatayud)",AR-P10,Interes autonomico,Si,,,,,,3400.0,Anuncio del promotor,,No localizado,2024-10,Anunciado; en tramitacion,,,PRENSA,no_comprobable,,base
AR-18,Aragon,Zaragoza,Villamayor de Gallego,"ACS DC Infra La Puebla, S.L. (CIF B-72596547)","ACS DC Infra La Puebla, SL",Acometida electrica del centro de datos ACS DC La Puebla,"ACS DC Infra La Puebla - Castejón de Sos, La Puebla de Alfindén, Villamayor de Gállego",AR-P11,Electrico,No,,,,2x300 MVA (400/220 kV),,,,,Informacion publica de DIA + autorizacion administrativa previa y de construccion (Subdelegacion del Gobierno en Zaragoza),2026-07-22,Informacion publica 30 dias habiles,"BOE-B-2026-24883, BOE num. 177 de 22-07-2026",https://www.boe.es/diario_boe/txt.php?id=BOE-B-2026-24883,OFICIAL,refutada,B72596547,base
AR-19,Aragon,,,"Amazon Data Services Spain, SL","Amazon Data Services, Spain, SL",Suministro a centro de datos,"Amazon Data Services Spain - El Burgo de Ebro, Huesca, Huesca (Walqa)",AR-P01,Electrico,No,,,,,,,,2503558.05,Informacion publica,2023-01-11,,"BOA de 11-01-2023, doc. 1256194384444; expte. AT 2022-508",https://www.boa.aragon.es/cgi-bin/EBOA/BRSCGI?CMD=VEROBJ&MLKOB=1256194384444,OFICIAL,verificada,B86339595,barrido AR
AR-20,Aragon,,El Burgo de Ebro,"Amazon Data Services Spain, SL","Amazon Data Services, Spain, SL","Construcción de una línea eléctrica subterránea, doble circuito, a 220 kilovoltios, con una longitud total aproximada de 1700 metros, con origen en Subestación “Espartal”, propiedad de Red Eléctrica de España, SAU, y final en Subestación “Cierzo” 220/20 kilovoltios (objeto de otro proyecto) después de hacer entrada/salida en Centro de Seccionamiento “Cierzo” 220 kilovoltios (objeto de otro proyecto)","Amazon Data Services Spain - El Burgo de Ebro, Huesca, Huesca (Walqa)",AR-P01,Electrico,No,,,,,,,,2571493.54,Informacion publica,2024-01-05,,"BOA de 05-01-2024, doc. 1311311100909; expte. AT 2023/150",https://www.boa.aragon.es/cgi-bin/EBOA/BRSCGI?CMD=VEROBJ&MLKOB=1311311100909,OFICIAL,verificada,B86339595,barrido AR
AR-21,Aragon,,Rueda de Jalón,"Data Center Ribera del Ebro, SL",,suministro a nuevo centro de datos a ubicar en Luceni,"Data Center Ribera del Ebro - Luceni, Plasencia de Jalón, Rueda de Jalón",AR-P12,Electrico,No,,,,,,,,14307040.88,Informacion publica,2026-02-05,,"BOA de 05-02-2026, doc. 1434092950505; expte. AT 2025/340",https://www.boa.aragon.es/cgi-bin/EBOA/BRSCGI?CMD=VEROBJ&MLKOB=1434092950505,OFICIAL,verificada,,barrido AR
AR-22,Aragon,,Luceni,"Data Center Ribera del Ebro, SL",,Suministro a nuevo centro de datos a ubicar en Luceni,"Data Center Ribera del Ebro - Luceni, Plasencia de Jalón, Rueda de Jalón",AR-P12,Electrico,No,,,,,,,,3812704.74,Informacion publica,2026-02-05,,"BOA de 05-02-2026, doc. 1434094970505; expte. AT 2025/341",https://www.boa.aragon.es/cgi-bin/EBOA/BRSCGI?CMD=VEROBJ&MLKOB=1434094970505,OFICIAL,verificada,,barrido AR
AR-23,Aragon,,Plasencia de Jalón,"Data Center Ribera del Ebro, SL",,Suministro a nuevo centro de datos a ubicar en Luceni,"Data Center Ribera del Ebro - Luceni, Plasencia de Jalón, Rueda de Jalón",AR-P12,Electrico,No,,,,,,,,11092755.15,Informacion publica,2026-02-05,,"BOA de 05-02-2026, doc. 1434096990505; expte. AT 2025/342",https://www.boa.aragon.es/cgi-bin/EBOA/BRSCGI?CMD=VEROBJ&MLKOB=1434096990505,OFICIAL,verificada,,barrido AR
AR-24,Aragon,,Luceni,"Data Center Ribera del Ebro, SL",,Suministro a nuevo centro de datos a ubicar en Luceni,"Data Center Ribera del Ebro - Luceni, Plasencia de Jalón, Rueda de Jalón",AR-P12,Electrico,No,,,,,,,,1541683.6,Informacion publica,2026-02-11,,"BOA de 11-02-2026, doc. 1435108110606; expte. AT 2025/339",https://www.boa.aragon.es/cgi-bin/EBOA/BRSCGI?CMD=VEROBJ&MLKOB=1435108110606,OFICIAL,verificada,,barrido AR
AR-25,Aragon,,Villamayor de Gállego,"ACS DC Infra La Puebla, S.L. (NIF B72596547)","ACS DC Infra La Puebla, SL",,"ACS DC Infra La Puebla - Castejón de Sos, La Puebla de Alfindén, Villamayor de Gállego",AR-P11,Electrico,No,,,,2 x 300 MVA 400/220 kV,,,,,Informacion publica,,,BOE-B-2026-24883; expte. BOE-B-2026-24883,https://www.boe.es/diario_boe/txt.php?id=BOE-B-2026-24883,OFICIAL,refutada,B72596547,barrido AR
ARF-01,Aragon,,Zaragoza,"Amazon Data Services Spain, SL","Amazon Data Services, Spain, SL",,"Amazon Data Services, Spain - El Burgo de Ebro, El Burgo de Ebro y Zaragoza- La Cartuja, Huesca",AR-P01-2,Ambiental,No,,,,,340.0,,,,Informacion publica,2024-12-13,,"BOA de 13-12-2024, doc. 1366240321010; expte. INAGA",https://www.boa.aragon.es/cgi-bin/EBOA/BRSCGI?CMD=VEROBJ&MLKOB=1366240321010,OFICIAL,verificada,B86339595,ficha AR
ARF-02,Aragon,,Zaragoza,"Amazon Data Services Spain, SL (NIF B86339595)","Amazon Data Services, Spain, SL",,"Amazon Data Services, Spain - El Burgo de Ebro, El Burgo de Ebro y Zaragoza- La Cartuja, Huesca",AR-P01-2,Ambiental,No,,,,,,,,,Informacion publica,2026-05-07,,"BOA de 07-05-2026, doc. 1446464010404; expte. veintitrés",https://www.boa.aragon.es/cgi-bin/EBOA/BRSCGI?CMD=VEROBJ&MLKOB=1446464010404,OFICIAL,no_comprobable,B86339595,ficha AR
ARF-03,Aragon,Huesca,Castejón de Sos,"ACS DC Infra La Puebla, SL","ACS DC Infra La Puebla, SL",,"ACS DC Infra La Puebla - Castejón de Sos, La Puebla de Alfindén, Villamayor de Gállego",AR-P11,Ambiental,No,,,,,,,,,Informacion publica,2025-12-09,,"BOA, doc. 1425265320202; expte. INAGA",https://www.boa.aragon.es/cgi-bin/EBOA/BRSCGI?CMD=VEROBJ&MLKOB=1425265320202,OFICIAL,no_comprobable,B72596547,ficha AR
ARF-04,Aragon,Zaragoza,Magallón,,,Búfalo,Búfalo,AR-P03-2,Urbanistico,Si,,,,,,,,,Informacion publica,2025-12-02,,"BOA, doc. 1424067523636",https://www.boa.aragon.es/cgi-bin/EBOA/BRSCGI?CMD=VEROBJ&MLKOB=1424067523636,OFICIAL,no_comprobable,,ficha AR
ARF-05,Aragon,,Huesca,"Amazon Data Services Spain, S.L","Amazon Data Services, Spain, SL",,"Amazon Data Services, Spain - El Burgo de Ebro, El Burgo de Ebro y Zaragoza- La Cartuja, Huesca",AR-P01-2,Ambiental,No,,,,,,,,,Informacion publica,2020-01-07,,"BOA de 07-01-2020, doc. 1101754343838",https://www.boa.aragon.es/cgi-bin/EBOA/BRSCGI?CMD=VEROBJ&MLKOB=1101754343838,OFICIAL,no_comprobable,B86339595,ficha AR
ARF-06,Aragon,Zaragoza,El Burgo de Ebro; Zaragoza,"Axent Infraestructuras de Telecomunicaciones, S.A","Axent Infraestructuras de Telecomunicaciones, SA",,"Axent Infraestructuras de Telecomunicaciones - El Burgo de Ebro, Zaragoza",AR-P04-2,Ambiental,No,,,,,,,,,Informacion publica,2020-04-01,,"BOA de 01-04-2020, doc. 1113073352323; expte. INAGA",https://www.boa.aragon.es/cgi-bin/EBOA/BRSCGI?CMD=VEROBJ&MLKOB=1113073352323,OFICIAL,no_comprobable,A88092127,ficha AR
ARF-07,Aragon,,Zaragoza,"Axent Infraestructuras de Telecomunicaciones, S.A","Axent Infraestructuras de Telecomunicaciones, SA",,"Axent Infraestructuras de Telecomunicaciones - El Burgo de Ebro, Zaragoza",AR-P04-2,Ambiental,No,,,,,,,,,Informacion publica,2020-04-01,,"BOA de 01-04-2020, doc. 1113075372323; expte. INAGA",https://www.boa.aragon.es/cgi-bin/EBOA/BRSCGI?CMD=VEROBJ&MLKOB=1113075372323,OFICIAL,no_comprobable,A88092127,ficha AR
ARF-08,Aragon,,Huesca,"Amazon Data Services Spain, S.L","Amazon Data Services, Spain, SL",,"Amazon Data Services, Spain - El Burgo de Ebro, El Burgo de Ebro y Zaragoza- La Cartuja, Huesca",AR-P01-2,Ambiental,No,,,,,,,,,Informacion publica,2020-08-07,,"BOA de 07-08-2020, doc. 1125625724545; expte. INAGA",https://www.boa.aragon.es/cgi-bin/EBOA/BRSCGI?CMD=VEROBJ&MLKOB=1125625724545,OFICIAL,verificada,B86339595,ficha AR
ARF-09,Aragon,Zaragoza,Villanueva de Gállego,"Amazon Data Services Spain, S.L","Amazon Data Services, Spain, SL",,"Amazon Data Services, Spain - El Burgo de Ebro, El Burgo de Ebro y Zaragoza- La Cartuja, Huesca",AR-P01-2,Ambiental,No,,,,,,,,,Informacion publica,2020-08-10,,"BOA de 10-08-2020, doc. 1125849664141; expte. INAGA",https://www.boa.aragon.es/cgi-bin/EBOA/BRSCGI?CMD=VEROBJ&MLKOB=1125849664141,OFICIAL,verificada,B86339595,ficha AR
ARF-10,Aragon,Zaragoza,El Burgo de Ebro,"Amazon Data Services Spain, S.L","Amazon Data Services, Spain, SL",,"Amazon Data Services, Spain - El Burgo de Ebro, El Burgo de Ebro y Zaragoza- La Cartuja, Huesca",AR-P01-2,Ambiental,No,,,,,,,,,Informacion publica,2020-08-11,,"BOA de 11-08-2020, doc. 1126018963636; expte. INAGA",https://www.boa.aragon.es/cgi-bin/EBOA/BRSCGI?CMD=VEROBJ&MLKOB=1126018963636,OFICIAL,verificada,B86339595,ficha AR
ARF-11,Aragon,,Villanueva de Gállego,"Amazon Data Services, Spain, SL","Amazon Data Services, Spain, SL",,"Amazon Data Services, Spain - El Burgo de Ebro, El Burgo de Ebro y Zaragoza- La Cartuja, Huesca",AR-P01-2,Urbanistico,No,,,,,,,,,Aprobacion,2020-11-20,,"BOA de 20-11-2020, doc. 1137254163333; expte. 3502-24",https://www.boa.aragon.es/cgi-bin/EBOA/BRSCGI?CMD=VEROBJ&MLKOB=1137254163333,OFICIAL,verificada,B86339595,ficha AR
ARF-12,Aragon,Zaragoza,Villanueva de Gállego,"Amazon Data Services Spain, SL","Amazon Data Services, Spain, SL",,"Amazon Data Services, Spain - El Burgo de Ebro, El Burgo de Ebro y Zaragoza- La Cartuja, Huesca",AR-P01-2,Ambiental,No,,,,,,,,,Informacion publica,2021-08-12,,"BOA de 12-08-2021, doc. 1180205942424; expte. administrativo",https://www.boa.aragon.es/cgi-bin/EBOA/BRSCGI?CMD=VEROBJ&MLKOB=1180205942424,OFICIAL,verificada,B86339595,ficha AR
ARF-13,Aragon,,Huesca,,,,Expediente ARF-13,AR-P05-2,Urbanistico,No,,,,,,,,,Informacion publica,2023-03-15,,"BOA de 15-03-2023, doc. 1266225461212",https://www.boa.aragon.es/cgi-bin/EBOA/BRSCGI?CMD=VEROBJ&MLKOB=1266225461212,OFICIAL,no_comprobable,,ficha AR
ARF-14,Aragon,,La Muela,"Microsoft 7724 Spain, SLU",,,"Microsoft 7724 Spain - La Muela, Villamayor de Gállego, Zaragoza",AR-P06-2,Urbanistico,No,,,,,,,,,Informacion publica,2024-01-09,,"BOA de 09-01-2024, doc. 1311667640606",https://www.boa.aragon.es/cgi-bin/EBOA/BRSCGI?CMD=VEROBJ&MLKOB=1311667640606,OFICIAL,verificada,,ficha AR
ARF-15,Aragon,,La Muela,"Microsoft 7724 Spain, SLU",,,"Microsoft 7724 Spain - La Muela, Villamayor de Gállego, Zaragoza",AR-P06-2,Urbanistico,Si,,,,,,,,,Informacion publica,2024-04-08,,"BOA de 08-04-2024, doc. 1325329820909",https://www.boa.aragon.es/cgi-bin/EBOA/BRSCGI?CMD=VEROBJ&MLKOB=1325329820909,OFICIAL,no_comprobable,,ficha AR
ARF-16,Aragon,,Villanueva de Gállego,"Suelo y Vivienda de Aragón, SLU","Suelo y Vivienda de Aragón, SLU",,Suelo y Vivienda de Aragón - Villanueva de Gállego,AR-P07-2,Urbanistico,No,,,,,,,,,Informacion publica,2024-05-17,,"BOA de 17-05-2024, doc. 1332593181010; expte. las",https://www.boa.aragon.es/cgi-bin/EBOA/BRSCGI?CMD=VEROBJ&MLKOB=1332593181010,OFICIAL,verificada,B50907328,ficha AR
ARF-17,Aragon,,Zaragoza,"Amazon Data Services Spain, SL","Amazon Data Services, Spain, SL",,"Amazon Data Services, Spain - El Burgo de Ebro, El Burgo de Ebro y Zaragoza- La Cartuja, Huesca",AR-P01-2,Ambiental,No,,,,,396.9,,,,Informacion publica,2024-06-10,,"BOA de 10-06-2024, doc. 1337070580606",https://www.boa.aragon.es/cgi-bin/EBOA/BRSCGI?CMD=VEROBJ&MLKOB=1337070580606,OFICIAL,verificada,B86339595,ficha AR
ARF-18,Aragon,Zaragoza,Villamayor de Gállego,"Microsoft 7724 Spain, SLU",,,"Microsoft 7724 Spain - La Muela, Villamayor de Gállego, Zaragoza",AR-P06-2,Ambiental,Si,,,,,,,,,Informacion publica,2024-07-22,,"BOA de 22-07-2024, doc. 1343967440606; expte. expropiatorio",https://www.boa.aragon.es/cgi-bin/EBOA/BRSCGI?CMD=VEROBJ&MLKOB=1343967440606,OFICIAL,verificada,,ficha AR
ARF-19,Aragon,,Zaragoza,"Amazon Data Services Spain, SL","Amazon Data Services, Spain, SL",,"Amazon Data Services, Spain - El Burgo de Ebro, El Burgo de Ebro y Zaragoza- La Cartuja, Huesca",AR-P01-2,Urbanistico,No,,,,,399.6,,,,Informacion publica,2024-09-20,,"BOA de 20-09-2024, doc. 1351954121212",https://www.boa.aragon.es/cgi-bin/EBOA/BRSCGI?CMD=VEROBJ&MLKOB=1351954121212,OFICIAL,verificada,B86339595,ficha AR
ARF-20,Aragon,Zaragoza,Calatorao,Calanza Inmuebles SL,,,Calanza Inmuebles - Calatorao,AR-P08-2,Ambiental,Si,,,,,80.0,,,,Autorizacion ambiental integrada,2024-10-16,,"BOA de 16-10-2024, doc. 1356301600707",https://www.boa.aragon.es/cgi-bin/EBOA/BRSCGI?CMD=VEROBJ&MLKOB=1356301600707,OFICIAL,verificada,,ficha AR
ARF-21,Aragon,Zaragoza,Cariñena,B2B Axis East 3 SLU,,Campus de centros de procesamiento de datos “Ebro”,"B2B Axis East 3 - Cariñena, Épila",AR-P09-2,Urbanistico,Si,,,,,28.0,,,,Informacion publica,2024-11-29,,"BOA de 29-11-2024, doc. 1363605680606",https://www.boa.aragon.es/cgi-bin/EBOA/BRSCGI?CMD=VEROBJ&MLKOB=1363605680606,OFICIAL,verificada,,ficha AR
ARF-22,Aragon,,Zaragoza,"Amazon Data Services Spain, SL","Amazon Data Services, Spain, SL",,"Amazon Data Services, Spain - El Burgo de Ebro, El Burgo de Ebro y Zaragoza- La Cartuja, Huesca",AR-P01-2,Ambiental,No,,,,,340.0,,,,Informacion publica,2024-12-13,,"BOA de 13-12-2024, doc. 1366240321010; expte. INAGA",https://www.boa.aragon.es/cgi-bin/EBOA/BRSCGI?CMD=VEROBJ&MLKOB=1366240321010,OFICIAL,verificada,B86339595,ficha AR
ARF-23,Aragon,,Zaragoza,"Amazon Data Services Spain, SL","Amazon Data Services, Spain, SL",,"Amazon Data Services, Spain - El Burgo de Ebro, El Burgo de Ebro y Zaragoza- La Cartuja, Huesca",AR-P01-2,Ambiental,No,,,,,,,,,Informacion publica,2024-12-18,,"BOA de 18-12-2024, doc. 1367244521919",https://www.boa.aragon.es/cgi-bin/EBOA/BRSCGI?CMD=VEROBJ&MLKOB=1367244521919,OFICIAL,no_comprobable,B86339595,ficha AR
ARF-24,Aragon,,Zaragoza,Amazon Data Services Spain SL,"Amazon Data Services, Spain, SL",,"Amazon Data Services, Spain - El Burgo de Ebro, El Burgo de Ebro y Zaragoza- La Cartuja, Huesca",AR-P01-2,Urbanistico,No,,,,,,,,,Informacion publica,2025-01-03,,"BOA de 03-01-2025, doc. 1370382500707",https://www.boa.aragon.es/cgi-bin/EBOA/BRSCGI?CMD=VEROBJ&MLKOB=1370382500707,OFICIAL,no_comprobable,B86339595,ficha AR
ARF-25,Aragon,,Zaragoza,"Microsoft 7724 Spain, SLU",,,"Microsoft 7724 Spain - La Muela, Villamayor de Gállego, Zaragoza",AR-P06-2,Ambiental,Si,,,,,330.0,,,,Autorizacion ambiental integrada,2025-03-24,,"BOA de 24-03-2025, doc. 1384892600909",https://www.boa.aragon.es/cgi-bin/EBOA/BRSCGI?CMD=VEROBJ&MLKOB=1384892600909,OFICIAL,verificada,,ficha AR
ARF-26,Aragon,,Huesca,"Amazon Data Services Spain, SL","Amazon Data Services, Spain, SL",,"Amazon Data Services, Spain - El Burgo de Ebro, El Burgo de Ebro y Zaragoza- La Cartuja, Huesca",AR-P01-2,Ambiental,Si,,,,,,,,,Informacion publica,2025-03-25,,"BOA de 25-03-2025, doc. 1385126660909; expte. INAGA",https://www.boa.aragon.es/cgi-bin/EBOA/BRSCGI?CMD=VEROBJ&MLKOB=1385126660909,OFICIAL,no_comprobable,B86339595,ficha AR
ARF-27,Aragon,Zaragoza,Villanueva de Gállego,"Amazon Data Services Spain, SL","Amazon Data Services, Spain, SL",,"Amazon Data Services, Spain - El Burgo de Ebro, El Burgo de Ebro y Zaragoza- La Cartuja, Huesca",AR-P01-2,Ambiental,Si,,,,,,,,,Informacion publica,2025-03-25,,"BOA de 25-03-2025, doc. 1385128680909; expte. INAGA",https://www.boa.aragon.es/cgi-bin/EBOA/BRSCGI?CMD=VEROBJ&MLKOB=1385128680909,OFICIAL,no_comprobable,B86339595,ficha AR
ARF-28,Aragon,Zaragoza,El Burgo de Ebro,"Amazon Data Services Spain, SL","Amazon Data Services, Spain, SL",,"Amazon Data Services, Spain - El Burgo de Ebro, El Burgo de Ebro y Zaragoza- La Cartuja, Huesca",AR-P01-2,Ambiental,Si,,,,,,,,,Informacion publica,2025-03-25,,"BOA de 25-03-2025, doc. 1385130701010; expte. INAGA",https://www.boa.aragon.es/cgi-bin/EBOA/BRSCGI?CMD=VEROBJ&MLKOB=1385130701010,OFICIAL,no_comprobable,B86339595,ficha AR
ARF-29,Aragon,,Zaragoza – La Cartuja,"Amazon Data Services Spain, SL","Amazon Data Services, Spain, SL",,"Amazon Data Services, Spain - El Burgo de Ebro, El Burgo de Ebro y Zaragoza- La Cartuja, Huesca",AR-P01-2,Urbanistico,No,,,,,,,,,Informacion publica,2025-06-19,,"BOA de 19-06-2025, doc. 1399789150808",https://www.boa.aragon.es/cgi-bin/EBOA/BRSCGI?CMD=VEROBJ&MLKOB=1399789150808,OFICIAL,verificada,B86339595,ficha AR
ARF-30,Aragon,Zaragoza,Villamayor de Gállego,"Clave Logística Aragonesa, SL",,,Clave Logística Aragonesa - Villamayor de Gállego,AR-P10-2,Ambiental,No,,,,,,,,,Informacion publica,2025-07-02,,"BOA de 02-07-2025, doc. 1401753961212",https://www.boa.aragon.es/cgi-bin/EBOA/BRSCGI?CMD=VEROBJ&MLKOB=1401753961212,OFICIAL,verificada,,ficha AR
ARF-31,Aragon,Zaragoza,La Puebla de Alfindén,"ACS DC Infra La Puebla, SL","ACS DC Infra La Puebla, SL",,"ACS DC Infra La Puebla - Castejón de Sos, La Puebla de Alfindén, Villamayor de Gállego",AR-P11,Ambiental,Si,,,,,,,,,Informacion publica,2025-07-23,,"BOA de 23-07-2025, doc. 1404788860606",https://www.boa.aragon.es/cgi-bin/EBOA/BRSCGI?CMD=VEROBJ&MLKOB=1404788860606,OFICIAL,verificada,B72596547,ficha AR
ARF-32,Aragon,Zaragoza,Calatorao,"Calanza inmuebles, SL",,Rhodes,Calanza Inmuebles - Calatorao,AR-P08-2,Urbanistico,No,,,,,,,,,Informacion publica,2025-08-11,,"BOA de 11-08-2025, doc. 1407264280606",https://www.boa.aragon.es/cgi-bin/EBOA/BRSCGI?CMD=VEROBJ&MLKOB=1407264280606,OFICIAL,no_comprobable,,ficha AR
ARF-33,Aragon,,Zaragoza,Instituto Aragonés de Fomento,Instituto Aragonés de Fomento,,Instituto Aragonés de Fomento - Zaragoza,AR-P11-2,Ambiental,No,,,,,82.0,,,,Aprobacion,2025-08-20,,"BOA de 20-08-2025, doc. 1408344820404",https://www.boa.aragon.es/cgi-bin/EBOA/BRSCGI?CMD=VEROBJ&MLKOB=1408344820404,OFICIAL,verificada,Q5095004G,ficha AR
ARF-34,Aragon,Zaragoza,La Puebla de Alfindén,"ACS DC Infra La Puebla, SL","ACS DC Infra La Puebla, SL",,"ACS DC Infra La Puebla - Castejón de Sos, La Puebla de Alfindén, Villamayor de Gállego",AR-P11,Urbanistico,Si,,,,,,,,,Informacion publica,2025-08-21,,"BOA de 21-08-2025, doc. 1408511730505",https://www.boa.aragon.es/cgi-bin/EBOA/BRSCGI?CMD=VEROBJ&MLKOB=1408511730505,OFICIAL,no_comprobable,B72596547,ficha AR
ARF-35,Aragon,Zaragoza,Calatorao,"Calanza Inmuebles, SL",,,Calanza Inmuebles - Calatorao,AR-P08-2,Ambiental,Si,,,,,223.4,,,,Informacion publica,2025-08-25,,"BOA de 25-08-2025, doc. 1408861960606",https://www.boa.aragon.es/cgi-bin/EBOA/BRSCGI?CMD=VEROBJ&MLKOB=1408861960606,OFICIAL,verificada,,ficha AR
ARF-36,Aragon,,Zaragoza,"Amazon Data Services Spain, SL","Amazon Data Services, Spain, SL",,"Amazon Data Services, Spain - El Burgo de Ebro, El Burgo de Ebro y Zaragoza- La Cartuja, Huesca",AR-P01-2,Ambiental,No,,,,,,,,,Informacion publica,2025-08-25,,"BOA de 25-08-2025, doc. 1408863980707; expte. INAGA",https://www.boa.aragon.es/cgi-bin/EBOA/BRSCGI?CMD=VEROBJ&MLKOB=1408863980707,OFICIAL,verificada,B86339595,ficha AR
ARF-37,Aragon,Zaragoza,Calatorao,"Calanza Inmuebles, SL",,,Calanza Inmuebles - Calatorao,AR-P08-2,Urbanistico,Si,,,,,,,,,Informacion publica,2025-08-25,,"BOA de 25-08-2025, doc. 1408879140808",https://www.boa.aragon.es/cgi-bin/EBOA/BRSCGI?CMD=VEROBJ&MLKOB=1408879140808,OFICIAL,no_comprobable,,ficha AR
ARF-38,Aragon,,Zaragoza,"Microsoft 7724 Spain, SLU",,,"Microsoft 7724 Spain - La Muela, Villamayor de Gállego, Zaragoza",AR-P06-2,Urbanistico,Si,,,,,,,,,Informacion publica,2025-09-24,,"BOA de 24-09-2025, doc. 1412502321111",https://www.boa.aragon.es/cgi-bin/EBOA/BRSCGI?CMD=VEROBJ&MLKOB=1412502321111,OFICIAL,no_comprobable,,ficha AR
ARF-39,Aragon,,Villamayor de Gállego,"Microsoft 7724 Spain, SL",,,"Microsoft 7724 Spain - La Muela, Villamayor de Gállego, Zaragoza",AR-P06-2,Urbanistico,Si,,,,,,,,,Informacion publica,2025-09-24,,"BOA de 24-09-2025, doc. 1412504341111",https://www.boa.aragon.es/cgi-bin/EBOA/BRSCGI?CMD=VEROBJ&MLKOB=1412504341111,OFICIAL,no_comprobable,,ficha AR
ARF-40,Aragon,,Villanueva de Gállego,Desarrollos Ecoindustriales La Cartuja SL,,,Desarrollos Ecoindustriales La Cartuja - Villanueva de Gállego,AR-P12-2,Ambiental,Si,,,,,,,,,Autorizacion ambiental integrada,2025-10-01,,"BOA de 01-10-2025, doc. 1413456710909",https://www.boa.aragon.es/cgi-bin/EBOA/BRSCGI?CMD=VEROBJ&MLKOB=1413456710909,OFICIAL,verificada,,ficha AR
ARF-41,Aragon,Zaragoza,La Puebla de Alfindén,ACS DC Infra La Puebla SL,"ACS DC Infra La Puebla, SL",,"ACS DC Infra La Puebla - Castejón de Sos, La Puebla de Alfindén, Villamayor de Gállego",AR-P11,Urbanistico,Si,,,,,,,,,Informacion publica,2025-10-03,,"BOA de 03-10-2025, doc. 1413910660909",https://www.boa.aragon.es/cgi-bin/EBOA/BRSCGI?CMD=VEROBJ&MLKOB=1413910660909,OFICIAL,no_comprobable,B72596547,ficha AR
ARF-42,Aragon,Zaragoza,Zaragoza; El Burgo de Ebro,"Amazon Data Services Spain, SL","Amazon Data Services, Spain, SL",Expansión Región AWS Aragón,"Amazon Data Services, Spain - El Burgo de Ebro, El Burgo de Ebro y Zaragoza- La Cartuja, Huesca",AR-P01-2,Ambiental,Si,,,,,145.3,,,,Informacion publica,2025-11-05,,"BOA de 05-11-2025, doc. 1418821840909; expte. INAGA",https://www.boa.aragon.es/cgi-bin/EBOA/BRSCGI?CMD=VEROBJ&MLKOB=1418821840909,OFICIAL,verificada,B86339595,ficha AR
ARF-43,Aragon,Huesca,Huesca,"Amazon Data Services Spain, SL","Amazon Data Services, Spain, SL",Expansión Región AWS Aragón,"Amazon Data Services, Spain - El Burgo de Ebro, El Burgo de Ebro y Zaragoza- La Cartuja, Huesca",AR-P01-2,Ambiental,Si,,,,,,,,,Informacion publica,2025-11-06,,"BOA de 06-11-2025, doc. 1419118381010; expte. INAGA",https://www.boa.aragon.es/cgi-bin/EBOA/BRSCGI?CMD=VEROBJ&MLKOB=1419118381010,OFICIAL,no_comprobable,B86339595,ficha AR
ARF-44,Aragon,Zaragoza,El Burgo de Ebro; Zaragoza- La Cartuja,"Amazon Data Services Spain, SL","Amazon Data Services, Spain, SL",Expansión Región AWS Aragón,"Amazon Data Services, Spain - El Burgo de Ebro, El Burgo de Ebro y Zaragoza- La Cartuja, Huesca",AR-P01-2,Ambiental,Si,,,,,,,,,Informacion publica,2025-11-10,,"BOA de 10-11-2025, doc. 1419615560707; expte. 500201/01B/2025/05114",https://www.boa.aragon.es/cgi-bin/EBOA/BRSCGI?CMD=VEROBJ&MLKOB=1419615560707,OFICIAL,verificada,B86339595,ficha AR
ARF-45,Aragon,Zaragoza,El Burgo de Ebro; Zaragoza,"Amazon Data Services Spain, SL","Amazon Data Services, Spain, SL",Expansión Región AWS Aragón,"Amazon Data Services, Spain - El Burgo de Ebro, El Burgo de Ebro y Zaragoza- La Cartuja, Huesca",AR-P01-2,Ambiental,Si,,,,,43.5,,,,Informacion publica,2025-11-11,,"BOA de 11-11-2025, doc. 1419873100606; expte. INAGA",https://www.boa.aragon.es/cgi-bin/EBOA/BRSCGI?CMD=VEROBJ&MLKOB=1419873100606,OFICIAL,verificada,B86339595,ficha AR
ARF-46,Aragon,Zaragoza,Villanueva de Gállego,"Amazon Data Services Spain, SL","Amazon Data Services, Spain, SL",Expansión Región AWS Aragón,"Amazon Data Services, Spain - El Burgo de Ebro, El Burgo de Ebro y Zaragoza- La Cartuja, Huesca",AR-P01-2,Ambiental,Si,,,,,5.82,,,,Informacion publica,2025-11-11,,"BOA de 11-11-2025, doc. 1419875120606; expte. INAGA",https://www.boa.aragon.es/cgi-bin/EBOA/BRSCGI?CMD=VEROBJ&MLKOB=1419875120606,OFICIAL,verificada,B86339595,ficha AR
ARF-47,Aragon,Zaragoza,El Burgo de Ebro,"Amazon Data Services Spain, SL","Amazon Data Services, Spain, SL",,"Amazon Data Services, Spain - El Burgo de Ebro, El Burgo de Ebro y Zaragoza- La Cartuja, Huesca",AR-P01-2,Ambiental,No,,,,,,,,,Declaracion de impacto ambiental,2025-11-21,,"BOA de 21-11-2025, doc. 1422099880808; expte. INAGA",https://www.boa.aragon.es/cgi-bin/EBOA/BRSCGI?CMD=VEROBJ&MLKOB=1422099880808,OFICIAL,verificada,B86339595,ficha AR
ARF-48,Aragon,,Zaragoza,"Amazon Data Services Spain, SL","Amazon Data Services, Spain, SL",,"Amazon Data Services, Spain - El Burgo de Ebro, El Burgo de Ebro y Zaragoza- La Cartuja, Huesca",AR-P01-2,Ambiental,No,,,,,,,,,Informacion publica,2025-11-24,,"BOA de 24-11-2025, doc. 1422339100707; expte. veintitrés",https://www.boa.aragon.es/cgi-bin/EBOA/BRSCGI?CMD=VEROBJ&MLKOB=1422339100707,OFICIAL,verificada,B86339595,ficha AR
ARF-49,Aragon,Zaragoza,Magallón,,,Búfalo,Búfalo,AR-P13,Urbanistico,Si,,,,,,,,,Informacion publica,2025-12-02,,"BOA de 02-12-2025, doc. 1424067523636",https://www.boa.aragon.es/cgi-bin/EBOA/BRSCGI?CMD=VEROBJ&MLKOB=1424067523636,OFICIAL,no_comprobable,,ficha AR
ARF-50,Aragon,,Luceni,Sociedad Anónima Minera Catalano-Aragonesa,Sociedad Anónima Minera Catalano- Aragonesa,,Sociedad Anónima Minera Catalano-Aragonesa - Luceni,AR-P14,Ambiental,Si,,,,,,,,,Informacion publica,2025-12-30,,"BOA de 30-12-2025, doc. 1428682970505",https://www.boa.aragon.es/cgi-bin/EBOA/BRSCGI?CMD=VEROBJ&MLKOB=1428682970505,OFICIAL,verificada,A44000230,ficha AR
ARF-51,Aragon,,Luceni,Sociedad Anónima Minera Catalano Aragonesa,Sociedad Anónima Minera Catalano- Aragonesa,,Sociedad Anónima Minera Catalano-Aragonesa - Luceni,AR-P14,Ambiental,No,,,,,,,,,Informacion publica,2025-12-30,,"BOA de 30-12-2025, doc. 1428692070505; expte. INAGA/500301/02/2025/12554",https://www.boa.aragon.es/cgi-bin/EBOA/BRSCGI?CMD=VEROBJ&MLKOB=1428692070505,OFICIAL,no_comprobable,A44000230,ficha AR
ARF-52,Aragon,,Calatorao,"Calanza Inmuebles, SL",,,Calanza Inmuebles - Calatorao,AR-P08-2,Ambiental,No,,,,,,,,,Informacion publica,2025-12-31,,"BOA de 31-12-2025, doc. 1429136690606; expte. INAGA",https://www.boa.aragon.es/cgi-bin/EBOA/BRSCGI?CMD=VEROBJ&MLKOB=1429136690606,OFICIAL,no_comprobable,,ficha AR
ARF-53,Aragon,Zaragoza,Épila,B2B Axis East 3 SLU,,,"B2B Axis East 3 - Cariñena, Épila",AR-P09-2,Ambiental,Si,,,,,33.0,,,,Autorizacion ambiental integrada,2026-02-06,,"BOA de 06-02-2026, doc. 1434356510505",https://www.boa.aragon.es/cgi-bin/EBOA/BRSCGI?CMD=VEROBJ&MLKOB=1434356510505,OFICIAL,verificada,,ficha AR
ARF-54,Aragon,Zaragoza,Rueda de Jalón,Molinos del Ebro SA,"Molinos del Ebro, SA",,"Molinos del Ebro - Pedrola, Plasencia de Jalón, Rueda de Jalón",AR-P15,Ambiental,No,,,,,,,,,Informacion publica,2026-02-25,,"BOA de 25-02-2026, doc. 1437370210707; expte. referenciado",https://www.boa.aragon.es/cgi-bin/EBOA/BRSCGI?CMD=VEROBJ&MLKOB=1437370210707,OFICIAL,no_comprobable,A50645480,ficha AR
ARF-55,Aragon,Zaragoza,Pedrola,Molinos del Ebro SA,"Molinos del Ebro, SA",,"Molinos del Ebro - Pedrola, Plasencia de Jalón, Rueda de Jalón",AR-P15,Ambiental,No,,,,,,,,,Informacion publica,2026-02-25,,"BOA de 25-02-2026, doc. 1437372230707; expte. referenciado",https://www.boa.aragon.es/cgi-bin/EBOA/BRSCGI?CMD=VEROBJ&MLKOB=1437372230707,OFICIAL,no_comprobable,A50645480,ficha AR
ARF-56,Aragon,Zaragoza,Plasencia de Jalón,Molinos del Ebro SA,"Molinos del Ebro, SA",,"Molinos del Ebro - Pedrola, Plasencia de Jalón, Rueda de Jalón",AR-P15,Ambiental,No,,,,,,,,,Informacion publica,2026-02-25,,"BOA de 25-02-2026, doc. 1437374250707; expte. referenciado",https://www.boa.aragon.es/cgi-bin/EBOA/BRSCGI?CMD=VEROBJ&MLKOB=1437374250707,OFICIAL,no_comprobable,A50645480,ficha AR
ARF-57,Aragon,,Zaragoza,Amazon Data Services Spain SL,"Amazon Data Services, Spain, SL",,"Amazon Data Services, Spain - El Burgo de Ebro, El Burgo de Ebro y Zaragoza- La Cartuja, Huesca",AR-P01-2,Ambiental,Si,,,,,797.57,,,,Informacion publica,2026-04-09,,"BOA de 09-04-2026, doc. 1442795570404",https://www.boa.aragon.es/cgi-bin/EBOA/BRSCGI?CMD=VEROBJ&MLKOB=1442795570404,OFICIAL,verificada,B86339595,ficha AR
ARF-58,Aragon,,Zaragoza,"Amazon Data Services Spain, SL (NIF B86339595)","Amazon Data Services, Spain, SL",,"Amazon Data Services, Spain - El Burgo de Ebro, El Burgo de Ebro y Zaragoza- La Cartuja, Huesca",AR-P01-2,Ambiental,No,,,,,,,,,Informacion publica,2026-05-07,,"BOA de 07-05-2026, doc. 1446464010404; expte. veintitrés",https://www.boa.aragon.es/cgi-bin/EBOA/BRSCGI?CMD=VEROBJ&MLKOB=1446464010404,OFICIAL,no_comprobable,B86339595,ficha AR
ARF-59,Aragon,,Zaragoza,"Amazon Data Services Spain, SL (NIF B86339595)","Amazon Data Services, Spain, SL",,"Amazon Data Services, Spain - El Burgo de Ebro, El Burgo de Ebro y Zaragoza- La Cartuja, Huesca",AR-P01-2,Ambiental,No,,,,,,,,,Informacion publica,2026-06-24,,"BOA de 24-06-2026, doc. 1454107610505; expte. INAGA/500301/02/2024/12132",https://www.boa.aragon.es/cgi-bin/EBOA/BRSCGI?CMD=VEROBJ&MLKOB=1454107610505,OFICIAL,verificada,B86339595,ficha AR
ARF-60,Aragon,Zaragoza,Villamayor de Gállego,"Tillion Aragón, SL",,,Tillion Aragón - Villamayor de Gállego,AR-P16,Ambiental,Si,,,,,,,,,Informacion publica,2026-07-07,,"BOA de 07-07-2026, doc. 1456133040707; expte. INAGA",https://www.boa.aragon.es/cgi-bin/EBOA/BRSCGI?CMD=VEROBJ&MLKOB=1456133040707,OFICIAL,verificada,,ficha AR
ARF-61,Aragon,Zaragoza,Villamayor de Gállego,,,,Expediente ARF-61,AR-P17,Urbanistico,Si,,,,,,,,,Informacion publica,2026-07-07,,"BOA de 07-07-2026, doc. 1456145160707",https://www.boa.aragon.es/cgi-bin/EBOA/BRSCGI?CMD=VEROBJ&MLKOB=1456145160707,OFICIAL,no_comprobable,,ficha AR
ARF-62,Aragon,Zaragoza,Villamayor de Gállego,Tillion Aragón SL,,Tillion Aragón,Tillion Aragón - Villamayor de Gállego,AR-P16,Ambiental,No,,,,,,,,,Informacion publica,2026-07-07,,"BOA de 07-07-2026, doc. 1456147180707; expte. INAGA",https://www.boa.aragon.es/cgi-bin/EBOA/BRSCGI?CMD=VEROBJ&MLKOB=1456147180707,OFICIAL,no_comprobable,,ficha AR
ARF-63,Aragon,Zaragoza,La Puebla de Alfindén,"ACS DC Infra La Puebla, SL","ACS DC Infra La Puebla, SL",,"ACS DC Infra La Puebla - Castejón de Sos, La Puebla de Alfindén, Villamayor de Gállego",AR-P11,Municipal,Si,,,,,,,,,Informacion publica,2026-07-10,,"BOA de 10-07-2026, doc. 1456866990505",https://www.boa.aragon.es/cgi-bin/EBOA/BRSCGI?CMD=VEROBJ&MLKOB=1456866990505,OFICIAL,no_comprobable,B72596547,ficha AR
ARF-64,Aragon,Zaragoza,La Muela,"Microsoft 7724 Spain, SL",,,"Microsoft 7724 Spain - La Muela, Villamayor de Gállego, Zaragoza",AR-P06-2,Ambiental,No,,,,,1.0,,,,Informacion publica,2026-07-30,,"BOA de 30-07-2026, doc. 1459976950606; expte. del",https://www.boa.aragon.es/cgi-bin/EBOA/BRSCGI?CMD=VEROBJ&MLKOB=1459976950606,OFICIAL,verificada,,ficha AR
ARF-65,Aragon,Zaragoza,Calatorao,"Calanza Inmuebles, SL",,,Calanza Inmuebles - Calatorao,AR-P08-2,Ambiental,Si,,,,,,,,,Informe ambiental,2026-08-05,,"BOA de 05-08-2026, doc. 1460897480505; expte. cuyos",https://www.boa.aragon.es/cgi-bin/EBOA/BRSCGI?CMD=VEROBJ&MLKOB=1460897480505,OFICIAL,no_comprobable,,ficha AR
ARF-66,Aragon,Zaragoza,La Puebla de Alfindén,"ACS DC Infra La Puebla, SL","ACS DC Infra La Puebla, SL",,"ACS DC Infra La Puebla - Castejón de Sos, La Puebla de Alfindén, Villamayor de Gállego",AR-P11,Ambiental,Si,,,,,,,,,Informacion publica,2026-08-13,,"BOA de 13-08-2026, doc. 1462083790606",https://www.boa.aragon.es/cgi-bin/EBOA/BRSCGI?CMD=VEROBJ&MLKOB=1462083790606,OFICIAL,no_comprobable,B72596547,ficha AR
ARF-67,Aragon,Zaragoza,La Puebla de Alfindén,"ACS DC Infra La Puebla, SL","ACS DC Infra La Puebla, SL",,"ACS DC Infra La Puebla - Castejón de Sos, La Puebla de Alfindén, Villamayor de Gállego",AR-P11,Ambiental,Si,,,,,,,,,Informacion publica,2026-08-13,,"BOA de 13-08-2026, doc. 1462089850606",https://www.boa.aragon.es/cgi-bin/EBOA/BRSCGI?CMD=VEROBJ&MLKOB=1462089850606,OFICIAL,no_comprobable,B72596547,ficha AR
ARF-68,Aragon,Zaragoza,Botorrita,"Merlin Properties Socimi, SA",,Campus de Centros de Datos Zaragoza-WIND,Merlin Properties - Botorrita,AR-P18,Ambiental,Si,,,,,28.8,,,,Informacion publica,2026-08-14,,"BOA de 14-08-2026, doc. 1462255950606",https://www.boa.aragon.es/cgi-bin/EBOA/BRSCGI?CMD=VEROBJ&MLKOB=1462255950606,OFICIAL,verificada,,ficha AR
ARF-69,Aragon,Zaragoza,Calatorao,"Calanza Inmuebles, SL",,Rhodes,Calanza Inmuebles - Calatorao,AR-P08-2,Urbanistico,No,,,,,,,,,Informacion publica,2026-08-18,,"BOA de 18-08-2026, doc. 1462599470505",https://www.boa.aragon.es/cgi-bin/EBOA/BRSCGI?CMD=VEROBJ&MLKOB=1462599470505,OFICIAL,no_comprobable,,ficha AR
ARF-70,Aragon,,Villanueva de Gállego,"Amazon Data Services Spain, S.L (NIF B86339595)","Amazon Data Services, Spain, SL",,"Amazon Data Services, Spain - El Burgo de Ebro, Huesca, Villanueva de Gállego",AR-P01-3,Ambiental,Si,,,,,,,,,Informacion publica,2019-11-13,,"BOA de 13-11-2019, doc. 1094987803737",https://www.boa.aragon.es/cgi-bin/EBOA/BRSCGI?CMD=VEROBJ&MLKOB=1094987803737,OFICIAL,no_comprobable,B86339595,ficha AR
ARF-71,Aragon,,Villanueva de Gállego,"Amazon Data Services Spain, S.L (NIF B86339595)","Amazon Data Services, Spain, SL",,"Amazon Data Services, Spain - El Burgo de Ebro, Huesca, Villanueva de Gállego",AR-P01-3,Ambiental,Si,,,,,,,,,Autorizacion ambiental integrada,2020-02-11,,"BOA de 11-02-2020, doc. 1106712183636",https://www.boa.aragon.es/cgi-bin/EBOA/BRSCGI?CMD=VEROBJ&MLKOB=1106712183636,OFICIAL,no_comprobable,B86339595,ficha AR
ARF-72,Aragon,,Huesca,"AMAZON DATA SERVICES SPAIN, S.L","Amazon Data Services, Spain, SL",,"Amazon Data Services, Spain - El Burgo de Ebro, Huesca, Villanueva de Gállego",AR-P01-3,Ambiental,Si,,,,,,,,,Informacion publica,2020-06-25,,"BOA de 25-06-2020, doc. 1119637420404; expte. administrativo",https://www.boa.aragon.es/cgi-bin/EBOA/BRSCGI?CMD=VEROBJ&MLKOB=1119637420404,OFICIAL,no_comprobable,B86339595,ficha AR
ARF-73,Aragon,,Jaca,,,,Expediente ARF-73,AR-P02-3,Municipal,No,,,,,,,,,Informacion publica,2020-06-30,,"BOA de 30-06-2020, doc. 1120142583131; expte. disciplinario",https://www.boa.aragon.es/cgi-bin/EBOA/BRSCGI?CMD=VEROBJ&MLKOB=1120142583131,OFICIAL,no_comprobable,,ficha AR
ARF-74,Aragon,Zaragoza,Villanueva de Gállego,"Amazon Data Services Spain, SL","Amazon Data Services, Spain, SL",,"Amazon Data Services, Spain - El Burgo de Ebro, Huesca, Villanueva de Gállego",AR-P01-3,Ambiental,No,,,,,,,,,Informe ambiental,2021-03-22,,"BOA de 22-03-2021, doc. 1154883060404; expte. considera",https://www.boa.aragon.es/cgi-bin/EBOA/BRSCGI?CMD=VEROBJ&MLKOB=1154883060404,OFICIAL,verificada,B86339595,ficha AR
ARF-75,Aragon,,Villanueva de Gállego,,,,Expediente ARF-75,AR-P03-3,Urbanistico,Si,,,,,,,,,Informacion publica,2021-04-08,,"BOA de 08-04-2021, doc. 1158132621515",https://www.boa.aragon.es/cgi-bin/EBOA/BRSCGI?CMD=VEROBJ&MLKOB=1158132621515,OFICIAL,no_comprobable,,ficha AR
ARF-76,Aragon,Zaragoza,Villanueva de Gállego,"Amazon Data Services Spain, SL","Amazon Data Services, Spain, SL",,"Amazon Data Services, Spain - El Burgo de Ebro, Huesca, Villanueva de Gállego",AR-P01-3,Ambiental,No,,,,,,,,,Informacion publica,2021-05-19,,"BOA de 19-05-2021, doc. 1166264204949",https://www.boa.aragon.es/cgi-bin/EBOA/BRSCGI?CMD=VEROBJ&MLKOB=1166264204949,OFICIAL,verificada,B86339595,ficha AR
ARF-78,Aragon,,El Burgo de Ebro,"Amazon Data Services Spain, SL","Amazon Data Services, Spain, SL",,"Amazon Data Services, Spain - El Burgo de Ebro, Huesca, Villanueva de Gállego",AR-P01-3,Urbanistico,Si,,,,,,,,,Informacion publica,2024-06-27,,"BOA de 27-06-2024, doc. 1340156321515",https://www.boa.aragon.es/cgi-bin/EBOA/BRSCGI?CMD=VEROBJ&MLKOB=1340156321515,OFICIAL,no_comprobable,B86339595,ficha AR
ARF-79,Aragon,,El Burgo de Ebro,"Amazon Data Services Spain, SL","Amazon Data Services, Spain, SL",,"Amazon Data Services, Spain - El Burgo de Ebro, Huesca, Villanueva de Gállego",AR-P01-3,Ambiental,Si,,,,,,,,,Informacion publica,2024-08-12,,"BOA de 12-08-2024, doc. 1346904080606; expte. administrativo",https://www.boa.aragon.es/cgi-bin/EBOA/BRSCGI?CMD=VEROBJ&MLKOB=1346904080606,OFICIAL,no_comprobable,B86339595,ficha AR
ARF-80,Aragon,Zaragoza,Villamayor de Gállego,Máquina Solar SL,,,Máquina Solar - Villamayor de Gállego,AR-P05-3,Ambiental,Si,,,,,79.6,,,,Informacion publica,2025-04-03,,"BOA de 03-04-2025, doc. 1386839262121",https://www.boa.aragon.es/cgi-bin/EBOA/BRSCGI?CMD=VEROBJ&MLKOB=1386839262121,OFICIAL,verificada,,ficha AR
ARF-81,Aragon,,Huesca,"Amazon Data Services Spain, SL","Amazon Data Services, Spain, SL",,"Amazon Data Services, Spain - El Burgo de Ebro, Huesca, Villanueva de Gállego",AR-P01-3,Ambiental,No,,,,,,,,,Informacion publica,2025-06-06,,"BOA de 06-06-2025, doc. 1397430600909",https://www.boa.aragon.es/cgi-bin/EBOA/BRSCGI?CMD=VEROBJ&MLKOB=1397430600909,OFICIAL,verificada,B86339595,ficha AR
ARF-82,Aragon,,Huesca,"Amazon Data Services Spain, SL","Amazon Data Services, Spain, SL",,"Amazon Data Services, Spain - El Burgo de Ebro, Huesca, Villanueva de Gállego",AR-P01-3,Urbanistico,No,,,,,,,,,Informacion publica,2025-06-06,,"BOA de 06-06-2025, doc. 1397454841313",https://www.boa.aragon.es/cgi-bin/EBOA/BRSCGI?CMD=VEROBJ&MLKOB=1397454841313,OFICIAL,no_comprobable,B86339595,ficha AR
ARF-83,Aragon,,Jaca,,,,Expediente ARF-83,AR-P06-3,Municipal,No,,,,,,,,,Informacion publica,2025-09-10,,"BOA de 10-09-2025, doc. 1410617250707; expte. disciplinario",https://www.boa.aragon.es/cgi-bin/EBOA/BRSCGI?CMD=VEROBJ&MLKOB=1410617250707,OFICIAL,no_comprobable,,ficha AR
ARF-84,Aragon,,Luceni,Sociedad Anónima Minera Catalano- Aragonesa,Sociedad Anónima Minera Catalano- Aragonesa,,Sociedad Anónima Minera Catalano- Aragonesa - Luceni,AR-P07-3,Urbanistico,Si,,,,,,,,,Informacion publica,2025-09-15,,"BOA de 15-09-2025, doc. 1411196680707",https://www.boa.aragon.es/cgi-bin/EBOA/BRSCGI?CMD=VEROBJ&MLKOB=1411196680707,OFICIAL,no_comprobable,A44000230,ficha AR
ARF-85,Aragon,,Luceni,Sociedad Anónima Minera Catalano Aragonesa,Sociedad Anónima Minera Catalano- Aragonesa,,Sociedad Anónima Minera Catalano- Aragonesa - Luceni,AR-P07-3,Urbanistico,No,,,,,,,,,Informacion publica,2025-12-26,,"BOA de 26-12-2025, doc. 1428217450404",https://www.boa.aragon.es/cgi-bin/EBOA/BRSCGI?CMD=VEROBJ&MLKOB=1428217450404,OFICIAL,no_comprobable,A44000230,ficha AR
ARF-86,Aragon,,Zaragoza,"Microsoft 7724 Spain, SLU",,,"Microsoft 7724 Spain - Villamayor de Gállego, Zaragoza",AR-P08-3,Municipal,Si,,,,,,,,,Informacion publica,2026-01-13,,"BOA de 13-01-2026, doc. 1430277690505",https://www.boa.aragon.es/cgi-bin/EBOA/BRSCGI?CMD=VEROBJ&MLKOB=1430277690505,OFICIAL,no_comprobable,,ficha AR
ARF-87,Aragon,,Villamayor de Gállego,"Microsoft 7724 Spain, SL",,,"Microsoft 7724 Spain - Villamayor de Gállego, Zaragoza",AR-P08-3,Municipal,Si,,,,,,,,,Informacion publica,2026-01-13,,"BOA de 13-01-2026, doc. 1430279710505",https://www.boa.aragon.es/cgi-bin/EBOA/BRSCGI?CMD=VEROBJ&MLKOB=1430279710505,OFICIAL,no_comprobable,,ficha AR
ARF-88,Aragon,,Zaragoza,,,,Expediente ARF-88,AR-P09-3,Urbanistico,No,,,,,89.0,,,,Informacion publica,2026-03-20,,"BOA de 20-03-2026, doc. 1440637170404",https://www.boa.aragon.es/cgi-bin/EBOA/BRSCGI?CMD=VEROBJ&MLKOB=1440637170404,OFICIAL,verificada,,ficha AR
ARF-89,Aragon,Zaragoza,Villamayor de Gállego,"Máquina Solar, SL",,,Máquina Solar - Villamayor de Gállego,AR-P05-3,Urbanistico,Si,,,,,,,,,Informacion publica,2026-03-20,,"BOA de 20-03-2026, doc. 1440653330505",https://www.boa.aragon.es/cgi-bin/EBOA/BRSCGI?CMD=VEROBJ&MLKOB=1440653330505,OFICIAL,no_comprobable,,ficha AR
ARF-90,Aragon,,La Muela,"Microsoft 7724 Spain, SL",,,"Microsoft 7724 Spain - La Muela, Villamayor de Gállego",AR-P01-4,Urbanistico,Si,,,,,,,,,Informacion publica,2025-05-16,,"BOA de 16-05-2025, doc. 1393594921515; expte. INAGA",https://www.boa.aragon.es/cgi-bin/EBOA/BRSCGI?CMD=VEROBJ&MLKOB=1393594921515,OFICIAL,no_comprobable,,ficha AR
ARF-91,Aragon,Zaragoza,Villamayor de Gállego,"Microsoft 7724 Spain, SL",,,"Microsoft 7724 Spain - La Muela, Villamayor de Gállego",AR-P01-4,Urbanistico,Si,,,,,,,,,Informacion publica,2025-05-28,,"BOA de 28-05-2025, doc. 1395705830707",https://www.boa.aragon.es/cgi-bin/EBOA/BRSCGI?CMD=VEROBJ&MLKOB=1395705830707,OFICIAL,no_comprobable,,ficha AR
ARF-92,Aragon,Zaragoza,Villamayor de Gállego,Tillion Aragón SLU,,,Tillion Aragón - Villamayor de Gállego,AR-P02-4,Urbanistico,Si,,,,,,,,,Informacion publica,2026-02-17,,"BOA de 17-02-2026, doc. 1436132300707; expte. INAGA",https://www.boa.aragon.es/cgi-bin/EBOA/BRSCGI?CMD=VEROBJ&MLKOB=1436132300707,OFICIAL,no_comprobable,,ficha AR
ARF-93,Aragon,Zaragoza,Villanueva de Gállego,"Desarrollos Ecoindustriales La Cartuja, SL",,,Desarrollos Ecoindustriales La Cartuja - Villanueva de Gállego,AR-P03-4,Urbanistico,Si,,,,,,,,,Informacion publica,2026-03-17,,"BOA de 17-03-2026, doc. 1440101010808; expte. INAGA",https://www.boa.aragon.es/cgi-bin/EBOA/BRSCGI?CMD=VEROBJ&MLKOB=1440101010808,OFICIAL,no_comprobable,,ficha AR
BOE-01,Aragon,,Villamayor de Gállego,"ACS DC Infra La Puebla, S.L. (NIF B72596547)","ACS DC Infra La Puebla, SL",,"ACS DC Infra La Puebla - Castejón de Sos, La Puebla de Alfindén, Villamayor de Gállego",AR-P11,Electrico,No,,,,2 x 300 MVA 400/220 kV,,,,,Informacion publica,2026-07-22,,BOE-B-2026-24883,https://www.boe.es/diario_boe/txt.php?id=BOE-B-2026-24883,OFICIAL,refutada,B72596547,BOE
AS-01,Asturias,Asturias,Salas,"Sales For You Consulting, S.L. (S4U); socio director Armando Layna. NIF no consta",,Digital Valley Asturias: campus tecnologico de 10 modulos de centro de datos en el concejo de Salas,Sales For You Consulting - Salas,AS-P01,Interes autonomico,Si,120.0,informatica,Informatica: capacidad informatica final declarada por el promotor (24 MW fase 1 + 96 MW fase 2). Potencia electrica NO declarada en la fuente,,15.46,1226.3,"Cifra del promotor recogida en nota de prensa del Gobierno del Principado: 240 M EUR fase 1 + 960 M EUR fase 2 + terrenos, urbanizacion e instalacion fotovoltaica = 1.226,3 M EUR. Anuncio, no presupuesto de expediente. PwC firma el estudio de impacto economico (4.177 M EUR de PIB en 20 anos), no la cifra de inversion",,"Presentacion publica del proyecto con participacion del presidente del Principado; el promotor aspira a obtener la declaracion de Proyecto de Interes Estrategico Regional (PIER) al amparo de la Ley del Principado de Asturias 7/2024, de 20 de diciembre (BOPA num. 250 de 27-12-2024, Cod. 2024-11353)",2026-08-03,"Anunciado; PIER ni declarado ni sometido a informacion publica: no figura en el portal PIER de IDEPA/Sekuens (solo Salave y Costco) ni en BOPA a 02-09-2026. Calendario del promotor: tramitacion 2026-2027, urbanizacion 2S-2027 a 1S-2028, construccion 3T-2027 a 4T-2030, entrada en servicio progresiva hasta finales de 2030",Nota de prensa del Gobierno del Principado de Asturias de 03-08-2026: El Gobierno del Principado logra atraer una inversion de 1.226 millones para desarrollar en Salas un gran campus tecnologico dedicado a la gestion del dato,https://actualidad.asturias.es/-/digital-valley38,OFICIAL-NP,no_comprobable,,base
AS-02,Asturias,Asturias,Salas,Ayuntamiento de Salas,,Modificacion n. 1 del Plan Parcial del Poligono Nonaya Este (SURI-SLS-01) del PGOU de Salas,Ayuntamiento de Salas - Salas,AS-P02,Urbanistico,No,,,,,,,,,"Aprobacion inicial por acuerdo de la Junta de Gobierno Local en sesion de 17-03-2026 e informacion publica de un mes (art. 89 TROTUA), con suspension del otorgamiento de licencias de parcelacion, edificacion y demolicion en todo el ambito por un maximo de dos anos",2026-04-06,Informacion publica finalizada (un mes desde 06-04-2026); sin acuerdo de aprobacion definitiva publicado en BOPA a 02-09-2026,"BOPA num. 64 de 06-04-2026, Cod. 2026-02414; Expte. municipal 305/2026",https://sede.asturias.es/bopa/2026/04/06/2026-02414.pdf,OFICIAL,no_comprobable,,base
AS-03,Asturias,Asturias,Salas,Ayuntamiento de Salas (promotor y organo sustantivo),,Evaluacion ambiental estrategica simplificada de la Modificacion n. 1 del Plan Parcial del Poligono Nonaya Este (SURI-SLS-01) del PGOU de Salas,Ayuntamiento de Salas - Salas,AS-P02,Ambiental,No,,,,,,,,,"Anuncio publico a personas interesadas desconocidas en el procedimiento de evaluacion ambiental estrategica simplificada (arts. 9.3, 9.4 y 30 de la Ley 21/2013, de 9 de diciembre); plazo de consultas de 20 dias habiles",2026-06-30,Plazo de consultas de 20 dias habiles finalizado; sin informe ambiental estrategico publicado en BOPA a 02-09-2026,"BOPA num. 124 de 30-06-2026, Cod. 2026-05309; Expte. IA-PP-0063-2026//AUTO/2026/27321",https://sede.asturias.es/bopa/2026/06/30/2026-05309.pdf,OFICIAL,no_comprobable,,base
CB-01,Cantabria,Cantabria,Pielagos; Villaescusa,"Tavira 424 Servicios Corporativos, S.L. (denominada despues XDC North Coast, S.L.; 100 % de XDC Properties, grupo Stoneshield Capital)",,Proyecto Altamira - Campus tecnologico de Cantabria (campus de centros de datos),"Tavira 424 Servicios Corporativos - Pielagos, Villaescusa",CB-P01,Interes autonomico,Si,500.0,electrica,"Potencia electrica prevista para el campus: 100 MW en 2028 y 500 MW en 2030, desde la SE Penagos 220 kV. Cifra de la nota de prensa del Gobierno de Cantabria de 25-02-2025; NO consta en el acuerdo publicado en el BOC (CVE-2025-6137), que no cita ni MW ni euros. No es potencia informatica.",,63.64,3600.0,"Anuncio del promotor recogido en las notas de prensa del Gobierno de Cantabria de 25-02-2025, 04-06-2025 y 11-07-2025 ('mas de 3.600 M EUR', tres fases); no consta en el acuerdo del BOC",,"Declaracion como Proyecto Empresarial Estrategico de Cantabria (Ley de Cantabria 2/2025, de Simplificacion Administrativa, arts. 19 a 22): Acuerdo de Consejo de Gobierno de 19-06-2025 publicado por Resolucion de la Secretaria General de la Consejeria de Industria de 09-07-2025; solicitud presentada el 22-05-2025",2025-07-11,"Declarado (efectos desde la publicacion en BOC). El acuerdo advierte expresamente que la declaracion no implica la aprobacion del proyecto de inversion ni la autorizacion de su puesta en marcha. El PSIR de la fase 1, que el Gobierno decia redactado y preveia aprobar en dic-2025, no ha sido localizado en el BOC en el barrido a 02-09-2026; la conexion electrica requiere dos nuevas posiciones pendientes de la planificacion de la red de transporte 2026-2030 del MITERD (asi lo dice la propia nota oficial de 11-07-2025); segun prensa, MITECO rechazo incluirlas (nov-2025) y el Parlamento reclamo la documentacion en mayo-2026","BOC num. 133 de 11-07-2025, CVE-2025-6137 (BOC-2025-6137); Acuerdo de Consejo de Gobierno de 19-06-2025",https://boc.cantabria.es/boces/verAnuncioAction.do?idAnuBlob=422571,OFICIAL-PRENSA,cita_no_verifica,,base
CB-02,Cantabria,Cantabria,Pielagos; Villaescusa,"XDC North Coast, S.L. (antes Tavira 424 Servicios Corporativos, S.L.), 100 % de XDC Properties (Stoneshield Capital)",,Compra de la parcela Altamira 1 (fase 1 del campus Altamira) en el poligono industrial VIPAR,"XDC North Coast - Pielagos, Villaescusa",CB-P02,Patrimonial,No,,,,,37.4572,,,,"Enajenacion de suelo publico: la Junta General de Socios de VIPAR (SEPIDES 85 %, SICAN 15 %) aprobo la comercializacion el 25-11-2024 con precio minimo de 7,8 M EUR; venta autorizada por SEPIDES y SICAN en mayo-2025 y formalizada el 04-07-2025",2025-07-04,"Compraventa formalizada (9.492.450 EUR, IVA incluido); unica oferta presentada",Nota de prensa del Gobierno de Cantabria de 11-07-2025 (id 88367694); notas complementarias de 25-02-2025 (id 68239359) y 04-06-2025 (id 82855372),https://www.cantabria.es/web/gobierno/detalle/-/journal_content/56_INSTANCE_DETALLE/16413/88367694,OFICIAL-NP,cita_no_verifica,,base
CB-03,Cantabria,Cantabria,Pielagos; Villaescusa,No consta en el anuncio (PSIR sobre suelo del Parque Empresarial VIPAR; VIPAR esta participada por SEPIDES 85 % y SICAN 15 % segun nota oficial de 25-02-2025),,"PSIR del Parque Empresarial VIPAR, AIEP Pielagos-Villaescusa (poligono en el que, segun la nota oficial de 25-02-2025, se situa la fase 1 del campus Altamira)","PSIR del Parque Empresarial VIPAR, AIEP Pielagos-Villaescusa (poligono en el que, segun la nota oficial de 25-02-2025, se situa la fase 1 del campus Altamira)",CB-P03,Urbanistico,No,,,,,,,,,"Documento de alcance del estudio ambiental estrategico del PSIR (Ley 21/2013, arts. 19 y 20), formulado por la Direccion General de Urbanismo y Ordenacion del Territorio por Resolucion de 25-01-2023",2023-03-30,En tramitacion; no se ha localizado en el BOC aprobacion inicial ni definitiva a 02-09-2026; tampoco figura en la lista de PSIR de territoriodecantabria.es,"BOC num. 63 de 30-03-2023, CVE-2023-641 (BOC-2023-641)",https://boc.cantabria.es/boces/verAnuncioAction.do?idAnuBlob=385088,OFICIAL,no_comprobable,,base
CB-04,Cantabria,Cantabria,Santander,"Telxius Cable Espana, S.L.",,Centro de Proceso de Datos en calle Corceno 37 (licencia de actividad),Telxius Cable Espana - Santander,CB-P04,Municipal,Si,,,,,,,,,"Informacion publica de solicitud de licencia de actividad (Ley de Cantabria 17/2006 de Control Ambiental Integrado, art. 32.4.b; Decreto 19/2010, art. 74), 20 dias",2023-02-01,Informacion publica (anuncio del Ayuntamiento de Santander de 16-01-2023); resolucion de la licencia no localizada en el BOC,"BOC num. 22 de 01-02-2023, CVE-2023-419 (BOC-2023-419); expediente 54517/2022 - LYA.LAI.2022.00103 (Ayuntamiento de Santander)",https://boc.cantabria.es/boces/verAnuncioAction.do?idAnuBlob=384810,OFICIAL,no_comprobable,,base
CB-05,Cantabria,Cantabria,Medio Cudeyo (Solares),"Santander Global Services, S.L. (NIF B62116298)","Santander Global Services, SL","Planta fotovoltaica de autoconsumo de 3 MWn / 3,207 MWp en el Centro Tecnologico de Cantabria (CTC), centro de proceso de datos de Banco Santander",Santander Global Services - Medio Cudeyo (Solares),CB-P05,Electrico,No,,generacion,"potencia_mw se deja vacio deliberadamente: los 3 MWn / 3,207 MWp son potencia de GENERACION fotovoltaica para autoconsumo, no demanda del centro de datos, y no deben sumarse a la columna de potencia","2 centros de transformacion con 2 transformadores de 1.000 kVA 800/20.000 V cada uno; 12 inversores de 250 kW (generacion, no consumo)",,,,2949537.78,"Informacion publica de solicitud de autorizacion administrativa previa y de construccion (Ley 24/2013 art. 53; Decreto de Cantabria 6/2003 art. 10; RD 1955/2000 art. 125), 20 dias, BOC de 12-05-2023 (CVE-2023-4109), y Resolucion de la Direccion General de Industria, Energia y Minas de 07-08-2023 de autorizacion administrativa previa y de construccion, BOC de 18-08-2023 (CVE-2023-7260)",2023-05-12,"Autorizada por Resolucion de 07-08-2023 (BOC num. 159 de 18-08-2023, CVE-2023-7260); plazo de ejecucion de 24 meses; autorizacion de explotacion no localizada","BOC num. 91 de 12-05-2023, CVE-2023-4109 (informacion publica) y BOC num. 159 de 18-08-2023, CVE-2023-7260 (resolucion); expediente SFV-263-2022",https://boc.cantabria.es/boces/verAnuncioAction.do?idAnuBlob=388802,OFICIAL,cita_no_verifica,B62116298,base
CB-06,Cantabria,Cantabria,Santander (PCTCAN),Google (razon social no publicada),,Estacion de entronque / centro de transmision de datos del cable submarino transatlantico Sol en el Parque Cientifico y Tecnologico de Cantabria,Google - Santander (PCTCAN),CB-P06,Patrimonial,No,,,,,0.5908,,,,"Venta de parcela de 5.907,72 m2 por la Sociedad Gestora del PCTCAN (Consejeria de Industria, Empleo, Innovacion y Comercio), formalizada; fecha exacta de formalizacion no publicada",2026-05-07,Compraventa formalizada segun la nota de SODERCAN de 07-05-2026; licencia o expediente de la instalacion no localizados en el BOC,Nota de prensa de SODERCAN de 07-05-2026 (fuente: Oficina de Comunicacion del Gobierno de Cantabria),https://www.sodercan.es/google-construira-en-el-pctcan-un-centro-de-transmision-de-datos-vinculado-al-cable-submarino-sol/,OFICIAL-NP,verificada,,base
CB-07,Cantabria,Cantabria,"Santander (PCTCAN, edificio CISGA)","CIGSA (sociedad de servicios TIC del Grupo Ambar); Sodercan (17 % de la financiacion, casi 200.000 EUR); JC Corporacion Cantabria (Javier Cavada); multinacional francesa no identificada, con incorporacion pendiente de concretarse",,Iberia Data Center (CPD de colocacion para corporaciones publicas y privadas),"CIGSA - Santander (PCTCAN, edificio CISGA)",CB-P07,Interes autonomico,Si,,,,,,12.0,"Nota de prensa del Gobierno de Cantabria de 21-11-2023 (12 M EUR de inversion total en cuatro fases segun ocupacion; 3 M EUR la primera fase; Sodercan aporta el 17 % de la financiacion propia, casi 200.000 EUR)",,Presentacion publica del proyecto por la Presidenta de Cantabria con participacion financiera de Sodercan; NO existe expediente administrativo localizado (obra interior en edificio existente). El tipo_expediente 'Interes autonomico' no responde a ninguna declaracion formal,2023-11-21,Anunciado; entrada en funcionamiento prevista a partir del tercer trimestre de 2024; no se ha localizado confirmacion oficial de apertura ni expediente en el BOC a 02-09-2026,Comunicado del Gobierno de Cantabria de 21-11-2023 (id 33338596),https://www.cantabria.es/web/comunicados/w/buruaga-presenta-el-primer-centro-de-datos-para-uso-p%C3%BAblico-y-privado-de-cantabria-que-entrar%C3%A1-en-servicio-en-2024,OFICIAL-NP,verificada,,base
CBF-01,Cantabria,,Santander,,,,Expediente CBF-01,CB-P01-2,Municipal,Si,,,,,,,,,Informacion publica,2023-02-01,,"BOC (Cantabria), anuncio 2023-419; expte. 54517/2022.-",https://boc.cantabria.es/boces/verAnuncioAction.do?idAnuBlob=384810,OFICIAL,no_comprobable,,ficha CB
CLF-01,Castilla y Leon,Palencia,Aguilar de Campoo,"Skygrid Data Systems, S.L",,,Skygrid Data Systems - Aguilar de Campoo,CA-P01,Urbanistico,Si,,,,,,,,,Informacion publica,2026-06-04,,BOCYL-D-04062026-106-44 (BOCYL de 04-06-2026); expte. 1319/2026,https://bocyl.jcyl.es/boletines/2026/06/04/pdf/BOCYL-D-04062026-106-44.pdf,OFICIAL,no_comprobable,,ficha CL
CLF-02,Castilla y Leon,Zamora,Monfarracinos,,,,Expediente CLF-02,CA-P02,Ambiental,Si,200.0,,"Informatica: 200 MW IT declarados, segun 003-26-AAZA_Monfarracinos_EG1823_AAI_Data_Center_Resumen_no_tecnico.pdf",,,,,,Informacion publica,2026-08-05,,BOCYL-D-05082026-150-18 (BOCYL de 05-08-2026); expte. 003-26-AAZA,https://bocyl.jcyl.es/boletines/2026/08/05/pdf/BOCYL-D-05082026-150-18.pdf,OFICIAL,verificada,,ficha CL
CLF-03,Castilla y Leon,Valladolid,Torrelobatón,,,Centro de Proceso de Datos San Lorenzo,Centro de Proceso de Datos San Lorenzo,CA-P03,Ambiental,Si,231.2,,"Electrica: 231.2 MW declarados (el documento da tambien 103.2), segun 013-26-AAVA_Torrelobaton_AAI_CPD_San_Lorenzo_proyecto_basico.pdf",,,,,,Informacion publica,2026-07-22,,BOCYL-D-22072026-140-20 (BOCYL de 22-07-2026); expte. 013-26-AAVA,https://bocyl.jcyl.es/boletines/2026/07/22/pdf/BOCYL-D-22072026-140-20.pdf,OFICIAL,verificada,,ficha CL
CLM-01,Castilla-La Mancha,Toledo,Talavera de la Reina,"Global Villacreces, S.L. (propiedad de Meta; solicitante inicial de la DIR, sustituida despues por Zarza Networks, S.L.)",,PSI Meta Data Center Campus - solicitud de Declaracion de Interes Regional (informacion publica),"Zarza Networks - Calera y Chozas, Talavera de la Reina",CM-P01,Urbanistico,Si,,,,,,,,,Anuncio de informacion publica (1 mes) de la documentacion de la solicitud de DIR presentada el 04-03-2022,2022-03-11,Plazo finalizado; DIR concedida el 07-06-2022,"DOCM num. 49 de 11-03-2022, anuncio de 07/03/2022 de la DG de Planificacion Territorial y Urbanismo [NID 2022/2021]",https://docm.jccm.es/docm/descargarArchivo.do?ruta=2022/03/11/pdf/2022_2021.pdf&tipo=rutaDocm,OFICIAL,no_comprobable,,CLM
CLM-02,Castilla-La Mancha,Toledo,Talavera de la Reina,"Zarza Networks, S.L. (CIF B16752750; grupo Meta Platforms, Inc.)","Zarza Networks, SL",PSI Meta Data Center Campus - Declaracion de Interes Regional,"Zarza Networks - Calera y Chozas, Talavera de la Reina",CM-P01,Urbanistico,Si,,,,,,,,,Acuerdo del Consejo de Gobierno de 07/06/2022 por el que se declara de interes regional el proyecto y se habilita su tramitacion como Proyecto de Singular Interes (plazo de 12 meses para presentar el PSI),2022-06-20,Declarado de interes regional,"DOCM num. 116 de 20-06-2022, Resolucion de 15/06/2022 de la Secretaria General de la Consejeria de Fomento [NID 2022/5856]",https://docm.jccm.es/docm/descargarArchivo.do?ruta=2022/06/20/pdf/2022_5856.pdf&tipo=rutaDocm,OFICIAL,no_comprobable,B16752750,CLM
CLM-03,Castilla-La Mancha,Toledo,Talavera de la Reina,"Zarza Networks, S.L. (CIF B16752750; grupo Meta Platforms, Inc.)","Zarza Networks, SL",PSI Meta Data Center Campus - aprobacion inicial e informacion publica (incluida solicitud de AAI),"Zarza Networks - Calera y Chozas, Talavera de la Reina",CM-P01,Urbanistico,Si,,,,,191.0,,,,"Aprobacion inicial e informacion publica de 30 dias habiles, incluso a efectos ambientales y de la solicitud de autorizacion ambiental integrada",2023-03-31,Plazo finalizado,"DOCM num. 64 de 31-03-2023, Resolucion de 28/03/2023 de la Consejeria de Fomento [NID 2023/3039]",https://docm.jccm.es/docm/descargarArchivo.do?ruta=2023/03/31/pdf/2023_3039.pdf&tipo=rutaDocm,OFICIAL,refutada,B16752750,CLM
CLM-04,Castilla-La Mancha,Toledo,Talavera de la Reina,"Zarza Networks, S.L. (CIF B16752750)","Zarza Networks, SL",PSI Meta Data Center Campus - informe ambiental estrategico de la modificacion de la ordenacion urbanistica (expediente PLA-SC-23-0512),"Zarza Networks - Calera y Chozas, Talavera de la Reina",CM-P01,Ambiental,Si,,,,,191.19,,,,Informe ambiental estrategico (evaluacion ambiental estrategica simplificada) de la DG de Calidad Ambiental,2023-12-04,Emitido,"DOCM num. 232 de 04-12-2023, Resolucion de 22/11/2023 de la DG de Calidad Ambiental [NID 2023/9812]; expediente PLA-SC-23-0512 (Nevia)",https://docm.jccm.es/docm/descargarArchivo.do?ruta=2023/12/04/pdf/2023_9812.pdf&tipo=rutaDocm,OFICIAL,refutada,B16752750,CLM
CLM-05,Castilla-La Mancha,Toledo,Talavera de la Reina; Calera y Chozas,"Zarza Networks, S.L. (CIF B-16.752.750)","Zarza Networks, SL",PSI Meta Data Center Campus - declaracion de impacto ambiental del proyecto (expediente PRO-SC-22-1030),"Zarza Networks - Calera y Chozas, Talavera de la Reina",CM-P01,Ambiental,Si,,indeterminada,"La DIA no declara MW del centro de datos; declara demanda maxima global prevista de 240 MVA en la subestacion propia y una planta FV asociada de 24,3 MW nominales / 31,6 MWp (mas 1,09 MWp in situ)","4x120 MVA (220/33 kV), demanda maxima 240 MVA; 2 lineas aereo-subterraneas 220 kV hasta SET Calera y Chozas",191.19,,,,Declaracion de impacto ambiental (evaluacion ordinaria) formulada por la DG de Calidad Ambiental,2024-03-22,DIA formulada; expediente FINALIZADO en Nevia (publicada en DOCM num. 59),"DOCM num. 59 de 22-03-2024, Resolucion de 20/03/2024 de la DG de Calidad Ambiental [NID 2024/2337]; expediente PRO-SC-22-1030 (Nevia)",https://docm.jccm.es/docm/descargarArchivo.do?ruta=2024/03/22/pdf/2024_2337.pdf&tipo=rutaDocm,OFICIAL,verificada,B16752750,CLM
CLM-06,Castilla-La Mancha,Toledo,Talavera de la Reina,"Zarza Networks, S.L.","Zarza Networks, SL",PSI Meta Data Center Campus - relacion de bienes y derechos afectados y modificacion de trazado de vias pecuarias (Cordel de Merinas y Colada del Camino Real),"Zarza Networks - Calera y Chozas, Talavera de la Reina",CM-P01,Patrimonial,No,,,,,,,,,"Segunda informacion publica: relacion de bienes y derechos afectados por el PSI, audiencia y exposicion publica de la desafectacion y modificacion de trazado de vias pecuarias",2024-06-10,Plazo finalizado,"DOCM num. 110 de 10-06-2024, Resolucion de 03/06/2024 de la Consejeria de Fomento [NID 2024/4557]",https://docm.jccm.es/docm/descargarArchivo.do?ruta=2024/06/10/pdf/2024_4557.pdf&tipo=rutaDocm,OFICIAL,no_comprobable,B16752750,CLM
CLM-07,Castilla-La Mancha,Toledo,Talavera de la Reina,"Zarza Networks, S.L. (CIF B16752750; grupo Meta Platforms, Inc.)","Zarza Networks, SL",PSI Meta Data Center Campus - aprobacion definitiva (Torrehierro Fase 2),"Zarza Networks - Calera y Chozas, Talavera de la Reina",CM-P01,Urbanistico,Si,,,,,191.0,,,,Acuerdo del Consejo de Gobierno de 14/10/2024 de aprobacion definitiva del PSI,2024-10-22,Aprobado definitivamente; reparcelacion aprobada el 07-08-2026; sin licencia de obras localizada,"DOCM num. 205 de 22-10-2024, Resolucion de 15/10/2024 de la Secretaria General de la Consejeria de Fomento [NID 2024/8272]",https://docm.jccm.es/docm/descargarArchivo.do?ruta=2024/10/22/pdf/2024_8272.pdf&tipo=rutaDocm,OFICIAL,refutada,B16752750,CLM
CLM-08,Castilla-La Mancha,Toledo,Talavera de la Reina,"Zarza Networks, S.L.","Zarza Networks, SL",PSI Meta Data Center Campus - publicacion integra de las Normas Urbanisticas del PSI,"Zarza Networks - Calera y Chozas, Talavera de la Reina",CM-P01,Urbanistico,Si,,,,,,,,,Resolucion de 23/10/2024 de la DG de Planificacion Territorial y Urbanismo por la que se publican las determinaciones urbanisticas (Normas Urbanisticas) del PSI,2024-12-11,Publicado,"BOP de Toledo num. 237 de 11-12-2024, codigo de verificacion 2024.00006780",https://urbanismo.castillalamancha.es/sites/default/files/2026-02/Anuncio_2024-6780.pdf,OFICIAL,no_comprobable,B16752750,CLM
CLM-09,Castilla-La Mancha,Toledo,Talavera de la Reina,"Zarza Networks, S.L. (grupo Meta)","Zarza Networks, SL",PSI Meta Data Center Campus - proyecto de reparcelacion (inicio e informacion publica),"Zarza Networks - Calera y Chozas, Talavera de la Reina",CM-P01,Urbanistico,Si,,,,,,,,,Inicio del procedimiento de aprobacion e informacion publica del proyecto de reparcelacion (reparcelacion forzosa formulada por la Administracion),2025-11-24,Plazo finalizado; aprobado definitivamente el 07-08-2026,"DOCM num. 227 de 24-11-2025, Resolucion de 20/11/2025 de la DG de Planificacion Territorial y Urbanismo [NID 2025/8990]",https://docm.jccm.es/docm/descargarArchivo.do?ruta=2025/11/24/pdf/2025_8990.pdf&tipo=rutaDocm,OFICIAL,no_comprobable,B16752750,CLM
CLM-10,Castilla-La Mancha,Toledo,Talavera de la Reina,"Zarza Networks, S.L. (grupo Meta Platforms, Inc.; beneficiaria de la expropiacion)","Zarza Networks, SL",PSI Meta Data Center Campus - expropiacion forzosa para las conexiones exteriores: proyecto de conexion exterior a red de alta tension (desde el nudo de Calera y Chozas) y acceso a la carretera TO-1287,"Zarza Networks - Calera y Chozas, Talavera de la Reina",CM-P01,Electrico,No,,,,,,,,,"Informacion publica (1 mes) del expediente expropiatorio por tasacion conjunta; 29 parcelas afectadas por el proyecto de suministro electrico y 3 por el acceso a la TO-1287, todas en Talavera de la Reina",2025-12-23,Informacion publica; plazo finalizado,"DOCM num. 247 de 23-12-2025, Resolucion de 05/12/2025 de la Secretaria General de la Consejeria de Fomento [NID 2025/9549]",https://docm.jccm.es/docm/descargarArchivo.do?ruta=2025/12/23/pdf/2025_9549.pdf&tipo=rutaDocm,OFICIAL,no_comprobable,B16752750,CLM
CLM-11,Castilla-La Mancha,Toledo,Talavera de la Reina,"Zarza Networks, S.L. (grupo Meta)","Zarza Networks, SL",PSI Meta Data Center Campus - aprobacion definitiva del proyecto de reparcelacion,"Zarza Networks - Calera y Chozas, Talavera de la Reina",CM-P01,Urbanistico,Si,,,,,,,,,"Aprobacion definitiva del proyecto de reparcelacion; requerimiento de garantia por la monetizacion del 49 % del aprovechamiento urbanistico: 1.089.554,00 EUR (6.700 unidades de aprovechamiento) en 10 dias",2026-08-21,Aprobado definitivamente; pendiente de proyectos de edificacion y licencias municipales,"DOCM num. 160 de 21-08-2026, Resolucion de 07/08/2026 de la Consejeria de Fomento [NID 2026/6037]",https://docm.jccm.es/docm/descargarArchivo.do?ruta=2026/08/21/pdf/2026_6037.pdf&tipo=rutaDocm,OFICIAL,no_comprobable,B16752750,CLM
CLM-12,Castilla-La Mancha,Toledo,Calera y Chozas,"Red Electrica de Espana, S.A.U.","Red Electrica de Espana, SAU",Linea aerea 220 kV doble circuito de entrada y salida en la subestacion Calera y Chozas de la L/Almaraz-Ebora (nudo de conexion del PSI Meta Data Center Campus),Red Electrica de Espana - Calera y Chozas,CM-P02,Electrico,No,,,,"220 kV, doble circuito, 0,231 km",,,,367085.0,"Autorizacion administrativa previa, autorizacion administrativa de construccion y declaracion de utilidad publica (DG de Politica Energetica y Minas); informacion publica previa en BOE num. 163 de 08-07-2025",2026-04-27,Autorizada,"BOE-A-2026-9171, BOE num. 102 de 27-04-2026, Resolucion de 9 de abril de 2026; anuncio de informacion publica BOE-B-2025-25967, BOE num. 163 de 08-07-2025, expediente IEL-54529668-24",https://www.boe.es/diario_boe/txt.php?id=BOE-A-2026-9171,OFICIAL,verificada,A85309219,CLM
CLM-13,Castilla-La Mancha,Guadalajara,Guadalajara,"Guadalajara Data Center, S.L.U. (CIF B75356428; solicitante Gabriel Nebreda Molinero; domicilio Avda. de la Constitucion 34, Sevilla, sede de Ingenostrum)","Guadalajara Data Center, SLU","Centro de procesamiento de datos 'Guadalajara Data Center' (GUA1 de Nostrum Data Centers), Poligono Industrial El Ruisenor Norte, Avenida San Juan Guas",Nostrum Data Centers (GUA1) - Guadalajara,CM-P03,Ambiental,Si,40.0,electrica,"Electrica total del centro de datos 40 MW; potencia informatica (IT) 26,3 MW (4 data halls de 6,6 MW), segun el resumen no tecnico del proyecto basico (Ingenostrum, DCSP.0004.2.M.AM.103-2A, version 2A de 23-02-2026) aportado al expediente","SE DC Guadalajara 132/20 kV con 2 transformadores redundantes de 40 MVA; 2 acometidas subterraneas 132 kV (linea A 1.191,20 m) y anillos redundantes de 20 kV",2.08,223.18,"Presupuesto de ejecucion por contrata del proyecto basico, tabla 20 del resumen no tecnico (DCSP.0004.2.M.AM.103-2A, 23-02-2026): A presupuesto de ejecucion material 62.879.372 EUR (28,2 %), B equipos electricos y mecanicos 119.050.420 EUR (53,3 %), C mobiliario y equipamiento 1.205.927, D seguridad y salud 297.454, E gestion de residuos 1.588.871, F control de calidad 2.521.008, G gastos generales y beneficio industrial 35.633.180 (19 % de A a F). Total 223.176.233 EUR. Base imponible del ICIO = PEM = 62.879.372 EUR. VERIFICADO A MANO.",62879372.0,Informacion publica (30 dias) de la solicitud de autorizacion ambiental integrada (AAI-GU-112) y del estudio de impacto ambiental (S478/2026/DG/00114),2026-04-28,Informacion publica finalizada; en Nevia 'Solicitadas consultas a otros organismos' (consultas de 07-04-2026),"DOCM num. 79 de 28-04-2026, Resolucion de 17/04/2026 de la DG de Calidad Ambiental [NID 2026/3045]; expedientes AAI-GU-112 y S478/2026/DG/00114 (Nevia)",https://docm.jccm.es/docm/descargarArchivo.do?ruta=2026/04/28/pdf/2026_3045.pdf&tipo=rutaDocm,OFICIAL,verificada,B75356428,CLM
CLM-14,Castilla-La Mancha,Guadalajara,Guadalajara,"Gabriel Nebreda Molinero (promotor declarado) / Guadalajara Data Center, S.L. (organo sustantivo declarado)",,"Guadalajara Data Center - solicitud de inicio de evaluacion ambiental (primer expediente, 2025)",Nostrum Data Centers (GUA1) - Guadalajara,CM-P03,Ambiental,Si,,,,,,,,,Solicitud de inicio (fecha de recepcion en la Consejeria 22-09-2025); sin documentos publicados,2025-09-22,Solicitud de inicio; sustituido de hecho por S478/2026/DG/00114,"Ficha Nevia, expediente S478/2025/DG/00067",https://nevia.castillalamancha.es/forms/nevif101.php,OFICIAL,no_comprobable,,CLM
CLM-15,Castilla-La Mancha,Guadalajara,Guadalajara,"Nostrum Data Centers e IDOM (vehiculo: Guadalajara Data Center, S.L.U., CIF B75356428)",,"GUA1, Poligono Industrial El Ruisenor",Nostrum Data Centers (GUA1) - Guadalajara,CM-P03,Municipal,Si,40.0,electrica,"Electrica concedida (40 MWe) segun la nota municipal; hasta 29 MW de potencia informatica en cuatro salas (la nota) frente a 26,3 MW IT del proyecto basico",,2.0,1000.0,"Nota del Ayuntamiento de Guadalajara (inversion global 'superior a 1.000 millones' en distintas fases); el proyecto basico presentado a AAI presupuesta 223,2 M EUR para la fase tramitada",,Presentacion publica del proyecto en el Ayuntamiento de Guadalajara,2026-02-25,Diseno 2026; inicio de obras previsto finales de 2026; operacion 2028,Nota del Ayuntamiento de Guadalajara de 25-02-2026 (reproducida por La Cerca el mismo dia),https://www.guadalajara.es/es/noticia/nostrum-data-centers-creara-en-guadalajara-un-nuevo-centro-de-datos-de-40-mwe-que-reforzara-la-posicion-de-la-ciudad-como-nodo-digital-estrategic.html,OFICIAL-NP,verificada,,CLM
CLM-16,Castilla-La Mancha,Ciudad Real,Puertollano,"Solaria Energia y Medio Ambiente, S.A. (CIF A83511501)","Solaria Energia y Medio Ambiente, SA","Proyecto centro de datos en Puertollano 40 MW (30 MW IT), Poligono La Nava 2, parcela 7.1, calle Alemania 6 (reconversion de las antiguas naves de fabricacion de celulas fotovoltaicas)",Solaria Energia y Medio Ambiente - Puertollano,CM-P05,Ambiental,Si,40.0,electrica,"Electrica 40 MW y 30 MW de potencia informatica (IT), fase tramitada; el acuerdo Solaria-Datasection (sep-2024) contempla hasta 200 MW","15 grupos electrogenos de 3.750 kVA (111,6 MW termicos); 'SE Puertollano' propia",4.15,500.0,"Prensa: declaracion del consejero delegado de Solaria en el acto de Puertollano ('casi 500 millones de euros en esta primera fase'), DCD 19-09-2024; no consta en el expediente",,Evaluacion de impacto ambiental ordinaria y autorizacion ambiental integrada; fase 'Solicitadas consultas a otros organismos' (consultas de 13-07-2026); resumen no tecnico de junio de 2026,2026-07-13,En tramitacion; sin anuncio de informacion publica en el DOCM a 02-09-2026,"Ficha Nevia, expediente S478/2026/DG/00170 (EIA ordinaria, art. 5.1 Ley 2/2020)",https://nevia.castillalamancha.es/forms/nevif101.php,OFICIAL-PRENSA,no_comprobable,A83511501,CLM
CLM-17,Castilla-La Mancha,Toledo,Mora,"DC Estate Malpica, S.L. (CIF B-23918386; grupo EdgeMode / Blackberry AIF, con Bloom Energy)","DC Estate Malpica, SL","Data Center Malpica AI 300 MW IT - 60 MW PV (paraje Pozo Amargo, poligono 25 parcela 11)",DC Estate Malpica - Mora,CM-P06,Ambiental,Si,300.0,informatica,"Potencia informatica (IT) 300 MW en dos edificios de 150 MW; generacion propia in situ: 30 modulos de pilas de combustible Bloom Energy de 10 MW (300 MW, gas natural) sobre 3 ha, mas planta FV de 60 MW nominales / 71,47 MWp; sin conexion inicial a la red",,218.85,3000.0,Prensa: anuncio de EdgeMode en la presentacion con el Ayuntamiento de Mora (Europa Press/idealista 11-06-2026; DCD 23-06-2026); no consta en el documento inicial,,Evaluacion de impacto ambiental ordinaria: documento inicial para la determinacion del alcance del EsIA (fechado 16-04-2026); fase 'Solicitadas consultas a otros organismos' (consultas de 15-07-2026),2026-07-15,En tramitacion (fase de consultas previas); MoU no vinculante con el Ayuntamiento de Mora firmado en junio de 2026,"Ficha Nevia, expediente S478/2026/DG/00171 (EIA ordinaria)",https://nevia.castillalamancha.es/forms/nevif101.php,OFICIAL-PRENSA,verificada,B23918386,CLM
CLM-18,Castilla-La Mancha,Albacete,Vianos,"DC Estate Vianos, S.L. (CIF B-23918352; grupo EdgeMode / Blackberry AIF)","DC Estate Vianos, SL",Data Center Vianos AI 300 MW IT - 60 MW PV (poligono 3 parcelas 82-83 y poligono 2 parcelas 1-4),DC Estate Vianos - Vianos,CM-P07,Ambiental,Si,300.0,informatica,"Potencia informatica (IT) 300 MW en dos edificios; generacion propia con complejo de turbinas de gas (unidades de unos 62 MW) mas planta FV de 60 MW nominales / 73,93 MWp",,98.82,,,,Evaluacion de impacto ambiental ordinaria: documento inicial para la determinacion del alcance del EsIA (fechado 18-12-2025); fase 'Solicitadas consultas a otros organismos' (consultas de 15-06-2026),2026-06-15,En tramitacion (fase de consultas previas); sin anuncio publico ni prensa localizados,"Ficha Nevia, expediente S478/2026/DG/00113 (EIA ordinaria)",https://nevia.castillalamancha.es/forms/nevif101.php,OFICIAL,verificada,B23918352,CLM
CLM-19,Castilla-La Mancha,Guadalajara,Torija; Valdegrudas; Brihuega,"B2B Axis East, S.L.U. (Box2Bit / Capital Energy)",,Centro de datos 'Axis East' (dos edificios en las parcelas A y B del poligono industrial I-3 'Los Argallones') e infraestructura electrica de conexion con la red de transporte,"B2B Axis East - Brihuega, Torija, Valdegrudas",CM-P08,Ambiental,Si,,,,,,1750.0,"Anuncio del promotor de noviembre de 2022 (Axis East, 112.000 m2, 1.750 M EUR; prensa); cifra no actualizada ni presente en el anuncio oficial",,Informacion publica (30 dias) del proyecto y del estudio de impacto ambiental por el Ayuntamiento de Torija como organo sustantivo (Decreto de Alcaldia 2025-0198 de 07-03-2025); EIA ordinaria (art. 40 Ley 2/2020),2025-03-17,Informacion publica finalizada; expediente de EIA 'B2B Axis East SLU' listado en la sede electronica de Torija (documentos de 28-02-2025); sin resolucion localizada,"DOCM num. 52 de 17-03-2025, Anuncio de 07/03/2025 del Ayuntamiento de Torija [NID 2025/1989]",https://docm.jccm.es/docm/descargarArchivo.do?ruta=2025/03/17/pdf/2025_1989.pdf&tipo=rutaDocm,OFICIAL-PRENSA,no_comprobable,,CLM
CLM-20,Castilla-La Mancha,Guadalajara,Torija,Box2Bit (filial de Capital Energy),,Campus digital Axis East (Proyecto Asix/Axis) - anuncio de implantacion,"B2B Axis East - Brihuega, Torija, Valdegrudas",CM-P08,Municipal,Si,,,,,,,,,"Nota del Ayuntamiento de Torija sobre la presentacion del proyecto (250 empleos directos, 2.650 en construccion); se anuncia la solicitud de Declaracion de Interes Regional para 2023",2022-11-03,Anunciado; no consta DIR ni PSI en el DOCM 2019-2026,Nota del Ayuntamiento de Torija de 03-11-2022,https://torija.com/noticias-y-actualidad/ayuntamiento/box2bit-se-instalara-en-torija-y-creara-250-empleos-directos-y-2650-durante-la-construccion,OFICIAL-NP,no_comprobable,,CLM
CLM-21,Castilla-La Mancha,Toledo,Recas,Box2Bit (filial de Capital Energy),,Campus digital Axis South (Proyecto Asix/Axis),Box2Bit Axis South - Recas,CM-P09,Interes autonomico,Si,,,,,,,,,Mencion en nota de prensa del Gobierno de Castilla-La Mancha (informe Colliers) como proyecto en promocion; sin expediente localizado,2023-02-03,Anunciado (nov-2022); sin rastro en DOCM ni Nevia a 02-09-2026,Nota de prensa de la JCCM de 03-02-2023 'Castilla-La Mancha se posiciona como una alternativa para el sector de los centros de datos a nivel europeo',https://www.castillalamancha.es/actualidad/notasdeprensa/castilla-la-mancha-se-posiciona-como-una-alternativa-para-el-sector-de-los-centros-de-datos-nivel,OFICIAL-NP,no_comprobable,,CLM
CLM-22,Castilla-La Mancha,Toledo,Talavera de la Reina,Oasix / Grupo Aire,,Centro de Proceso de Datos de proximidad de Grupo Aire (c/ Puebla de Mexico 58),Oasix - Talavera de la Reina,CM-P10,Municipal,Si,,,,,,1.3,"Nota del Ayuntamiento de Talavera de la Reina de 29-06-2022 ('inversion de 1,3 millones de euros')",,Inauguracion del CPD con la alcaldesa y el consejero de Hacienda y Administraciones Publicas,2022-06-29,Operativo desde junio de 2022,Nota del Ayuntamiento de Talavera de la Reina de 29-06-2022,https://talavera.es/noticias/la-nueva-empresa-tecnologica-del-grupo-aire-se-inaugura-en-talavera-creando-300-puestos-de-trabajo/,OFICIAL-NP,no_comprobable,,CLM
CLM-23,Castilla-La Mancha,Guadalajara,Torija,Fortinet,,Primer centro de datos de Fortinet en Espana (dos edificios simetricos junto a la A-2),Fortinet - Torija,CM-P11,Municipal,Si,7.0,indeterminada,Prensa: 'potencia de 7 megavatios' (no consta si electrica o informatica),,,40.0,Comunicado de la empresa recogido por Europa Press/elDiario.es y DCD (30-01-2025),,Inauguracion con el presidente de Castilla-La Mancha; sin expediente localizado en DOCM ni Nevia,2025-01-29,"Operativo desde enero de 2025 (Tier III, ENS categoria alta, PUE 1,1)",elDiario.es Castilla-La Mancha 29-01-2025 y DCD 30-01-2025,https://www.eldiario.es/castilla-la-mancha/social/fortinet-inaugura-torija-primer-centro-datos-espana-invertir-40-millones_1_12003286.html,PRENSA,verificada,,CLM
CLM-24,Castilla-La Mancha,Toledo,Toledo,Iberdrola (joint venture Echelon Iberdrola Digital Infra con Echelon Data Centres),,"Centro de datos en los terrenos de la antigua Standard Electrica, calle Rio Jarama, poligono industrial de Toledo",Iberdrola - Toledo,CM-P12,Ambiental,Si,,,,,,,,,"Proyecto anunciado; la planta FV asociada 'Aceca' (347,51 MW nominales, 531 ha en Toledo, Mocejon y Almonacid) recibio DIA desfavorable del MITECO y se busca reubicar",2026-08-19,"Anunciado; sin expediente del centro de datos localizado en DOCM, Nevia ni BOE","El Espanol - El Digital de Castilla-La Mancha, 19-08-2026",https://www.elespanol.com/eldigitalcastillalamancha/economia/empresas/20260819/veto-gobierno-macroplanta-aceca-no-frena-iberdrola-proyecta-gran-centro-datos-toledo/1003744357801_0.html,PRENSA,no_comprobable,,CLM
CM-01,Castilla-La Mancha,Toledo,Talavera de la Reina,Meta,,"Meta Data Center Campus (Proyecto de Singular Interes, Torrehierro Fase 2)","Zarza Networks - Calera y Chozas, Talavera de la Reina",CM-P01,Urbanistico,Si,,,,,191.0,750.0,Nota de prensa oficial de la Junta de Comunidades de Castilla-La Mancha en la aprobacion definitiva,,"Declaracion de Interes Regional, PSI: aprobacion definitiva; reparcelacion",2024-10-22,Aprobado definitivamente; sin obra iniciada; reparcelacion aprobada 21-08-2026,"DOCM num. 205 de 22-10-2024 (y num. 116, 64, 232, 59)",https://urbanismo.castillalamancha.es/planeamiento/planeamiento-territorial/proyectos-de-singular-interes/meta-data-center-campus,OFICIAL,cita_no_verifica,,base
CM-02,Castilla-La Mancha,Guadalajara,Guadalajara,Nostrum Data Centers,,"GUA1, Poligono Industrial El Ruisenor",Nostrum Data Centers (GUA1) - Guadalajara,CM-P03,Municipal,Si,40.0,electrica,Electrica concedida (40 MWe); 29 MW de potencia informatica en salas,,2.0,1000.0,Nota del Ayuntamiento de Guadalajara / presentacion del promotor,,Presentacion publica; suelo adquirido y potencia concedida,2026,Diseno 2026; obras a finales de 2026; operacion 2028,Nota del Ayuntamiento de Guadalajara,https://www.guadalajara.es/es/noticia/nostrum-data-centers-creara-en-guadalajara-un-nuevo-centro-de-datos-de-40-mwe-que-reforzara-la-posicion-de-la-ciudad-como-nodo-digital-estrategic.html,OFICIAL-NP,verificada,,base
CTF-01,Cataluna,,Barcelona,,,,Expediente CTF-01,CT-P01,Ambiental,Si,,,,,,,,,Informacion publica,,,"DOGC, documento 1009474",https://dogc.gencat.cat/es/document-del-dogc/?documentId=1009474,OFICIAL,no_comprobable,,ficha CT
CTF-02,Cataluna,,Barcelona,,,,Expediente CTF-02,CT-P02,Ambiental,Si,,,,,,,,,Informacion publica,,,"DOGC, documento 1044575",https://dogc.gencat.cat/es/document-del-dogc/?documentId=1044575,OFICIAL,no_comprobable,,ficha CT
VCF-01,Comunitat Valenciana,,Monforte del Cid,,,,Expediente VCF-01,CO-P01,Ambiental,Si,,,,,,,,,Informacion publica,2026-06-26,,"DOGV de 26-06-2026, disposicion 2026/21901",https://dogv.gva.es/es/disposicio?id=2026_21901,OFICIAL,no_comprobable,,ficha VC
EX-01,Extremadura,,Badajoz,"Data Riocaya, SLU (NIF B70639497)",Data Riocaya,,Data Riocaya - Badajoz,EX-P05,Electrico,No,,,,8 x 150 MVA 400/220 kV,,,,,Informacion publica,,,DOE num. 50 de 2026,https://doe.juntaex.es/pdfs/doe/2026/500o/500o.pdf,OFICIAL,no_comprobable,B70639497,barrido EX
EXF-01,Extremadura,,Cáceres,,,,Expediente EXF-01,EX-P01,Urbanistico,Si,,,,,,,,,Informacion publica,2024-09-02,,DOE num. 170 de 2024; expte. por,https://doe.juntaex.es/pdfs/doe/2024/1700o/1700o.pdf,OFICIAL,verificada,,ficha EX
EXF-02,Extremadura,,Cáceres,,,,Expediente EXF-02,EX-P02,Ambiental,No,,,,,,,,,Informe ambiental,2024-10-18,,DOE num. 204 de 2024; expte. IA23/0947,https://doe.juntaex.es/pdfs/doe/2024/2040o/2040o.pdf,OFICIAL,verificada,,ficha EX
EXF-03,Extremadura,Cáceres,Navalmoral de la Mata,,,,Expediente EXF-03,EX-P03,Municipal,Si,,,,,,,,,Informacion publica,2026-05-18,,DOE num. 93 de 2026,https://doe.juntaex.es/pdfs/doe/2026/930o/930o.pdf,OFICIAL,verificada,,ficha EX
EXF-04,Extremadura,,Navalmoral de la Mata,"Merlin Edged, SL",,,Merlin Edged - Navalmoral de la Mata,EX-P04,Ambiental,Si,192.0,,"Informatica: 192 MW IT declarados (el documento da tambien 96, 12), segun EXTREMAMBIENTE_AAI25-032_Resumen-no-tecnico_Merlin-Edged_Navalmoral.pdf",,,,,,Informacion publica,2026-05-22,,DOE num. 97 de 2026; expte. AAI25/032,https://doe.juntaex.es/pdfs/doe/2026/970o/970o.pdf,OFICIAL,verificada,,ficha EX
EXF-05,Extremadura,,Badajoz,"Data Riocaya, SL",Data Riocaya,,Data Riocaya - Badajoz,EX-P05,Ambiental,Si,110.0,,"Informatica: 110 MW IT declarados (el documento da tambien 10); potencia electrica 470 MW (el documento da tambien 170, 5), segun EXTREMAMBIENTE_AAI25-024_EsIA_Nostrum-Evergreen-DC_Badajoz.pdf",,,469.83,"Presupuesto de ejecucion material del proyecto, leido del anexo tecnico EXTREMAMBIENTE_AAI25-024_EsIA_Nostrum-Evergreen-DC_Badajoz.pdf: 469.829.626,17 EUR. Es el presupuesto del centro completo —el documento declara 110 MW de potencia informatica—, no el de una instalacion electrica, y por eso no va en pem_eur",,Informacion publica,2026-05-25,,DOE num. 98 de 2026; expte. AAI25/024,https://doe.juntaex.es/pdfs/doe/2026/980o/980o.pdf,OFICIAL,refutada,B70639497,ficha EX
EXF-06,Extremadura,,Badajoz,"Data Riocaya, SL",Data Riocaya,,Data Riocaya - Badajoz,EX-P05,Ambiental,Si,110.0,,"Informatica: 110 MW IT declarados (el documento da tambien 10); potencia electrica 470 MW (el documento da tambien 170, 5), segun EXTREMAMBIENTE_AAI25-024_EsIA_Nostrum-Evergreen-DC_Badajoz.pdf",,,469.83,"Presupuesto de ejecucion material del proyecto, leido del anexo tecnico EXTREMAMBIENTE_AAI25-024_EsIA_Nostrum-Evergreen-DC_Badajoz.pdf: 469.829.626,17 EUR. Es el presupuesto del centro completo —el documento declara 110 MW de potencia informatica—, no el de una instalacion electrica, y por eso no va en pem_eur",,Informacion publica,2026-06-11,,DOE num. 111 de 2026; expte. AAI25/024-IA25/01698,https://doe.juntaex.es/pdfs/doe/2026/1110o/1110o.pdf,OFICIAL,refutada,B70639497,ficha EX
CP-05,Galicia,A Coruña,,Fundación Pública Gallega Centro Tecnológico de Supercomputación de Galicia,,"Contratación por el procedimiento restringido y de tramitación urgente para la redacción del proyecto básico y de ejecución, y la construcción del nuevo edificio DATACENTER del CESGA en el marco del P",Fundación Pública Gallega Centro Tecnológico de Supercomputación de Galicia - sin localizar,GA-P01-2,Contratacion,Si,,,,,,9.027,"Presupuesto de licitacion del contrato publico, anuncio TED 713758-2024 de 2024-11-22",,Licitacion,2024-11-22,,TED 713758-2024,https://ted.europa.eu/es/notice/-/detail/713758-2024,OFICIAL,,,contratacion
CP-06,Galicia,A Coruña,,Fundación Pública Gallega Centro Tecnológico de Supercomputación de Galicia,,"Contratación por el procedimiento restringido y de tramitación urgente para la redacción del proyecto básico y de ejecución, y la construcción del nuevo edificio DATACENTER del CESGA en el marco del P",Fundación Pública Gallega Centro Tecnológico de Supercomputación de Galicia - sin localizar,GA-P01-2,Contratacion,Si,,,,,,9.027,"Presupuesto de licitacion del contrato publico, anuncio TED 755078-2024 de 2024-12-10",,Licitacion,2024-12-10,,TED 755078-2024,https://ted.europa.eu/es/notice/-/detail/755078-2024,OFICIAL,,,contratacion
GAF-01,Galicia,A Coruña,Curtis,"Galicia Green Data Center, S.L (NIF B70639513)","Galicia Green Data Center, SL",,Galicia Green Data Center - Curtis,GA-P01,Urbanistico,Si,,,,,,,,,Informacion publica,2025-01-23,,"DOG de 23-01-2025, AnuncioG0763-200125-0002",https://www.xunta.gal/dog/Publicados/2025/20250123/AnuncioG0763-200125-0002_es.pdf,OFICIAL,no_comprobable,B70639513,ficha GA
GAF-02,Galicia,,Santiago de Compostela,,,,Expediente GAF-02,GA-P02,Municipal,Si,,,,,,,,,Informacion publica,2025-08-08,,"DOG de 08-08-2025, AnuncioG0761-050825-0006; expte. CTS-2025-0013",https://www.xunta.gal/dog/Publicados/2025/20250808/AnuncioG0761-050825-0006_es.pdf,OFICIAL,no_comprobable,,ficha GA
GAF-03,Galicia,,Curtis,"Galicia Green Data Center, S.L","Galicia Green Data Center, SL",,Galicia Green Data Center - Curtis,GA-P01,Urbanistico,No,,,,,,,,,Informacion publica,2026-02-16,,"DOG de 16-02-2026, AnuncioG0763-060226-0025",https://www.xunta.gal/dog/Publicados/2026/20260216/AnuncioG0763-060226-0025_es.pdf,OFICIAL,no_comprobable,B70639513,ficha GA
IBF-01,Illes Balears,,Palma,,,,Expediente IBF-01,IB-P01,Ambiental,No,,,,,,,,,Informe ambiental,2020-07-16,,"BOIB num. 126 de 16-07-2020, edicto 6242",https://www.caib.es/eboibfront/pdf/es/2020/126/6242,OFICIAL,no_comprobable,,ficha IB
IBF-02,Illes Balears,,Palma,,,,Expediente IBF-02,IB-P02,Ambiental,No,,,,,,,,,Informe ambiental,2021-11-16,,"BOIB num. 158 de 16-11-2021, edicto 11667",https://www.caib.es/eboibfront/pdf/es/2021/158/11667,OFICIAL,verificada,,ficha IB
IBF-03,Illes Balears,,Palma,,,,Expediente IBF-03,IB-P03,Ambiental,No,,,,,,,,,Informacion publica,2026-05-05,,"BOIB num. 57 de 05-05-2026, edicto 4336",https://www.caib.es/eboibfront/pdf/es/2026/57/4336,OFICIAL,verificada,,ficha IB
MA-01,Madrid,Madrid,Meco,"FVI ASG Spanish Propco 3, S.L.",,Linea subterranea 132 kV D/C a la futura ST Zeus (centro de datos c/ Zeus 17),FVI ASG Spanish Propco 3 - Meco,MA-P01,Electrico,No,,,,132 kV,,,,,Autorizacion administrativa y aprobacion del proyecto de ejecucion,2025-05-16,Autorizado; plazo de ejecucion 24 meses,"BOCM-20250616-52, BOCM num. 142; exp. 2023P587",https://bocm.es/boletin/CM_Orden_BOCM/2025/06/16/BOCM-20250616-52.PDF,OFICIAL,no_comprobable,,base
MA-02,Madrid,Madrid,Meco,"FVI ASG Spanish Propco 3, S.L.",,"Subestacion ST Zeus MAD01, 132/20 kV",FVI ASG Spanish Propco 3 - Meco,MA-P01,Electrico,No,,,,2x50 MVA (132/20 kV),,,,8745586.68,Informacion publica,2025-06-17,Plazo finalizado,"BOCM-20250616-54, BOCM num. 142; exp. 2024P1219",https://bocm.es/boletin/CM_Orden_BOCM/2025/06/16/BOCM-20250616-54.PDF,OFICIAL,verificada,,base
MA-03,Madrid,Madrid,Alcala de Henares,"Digital DHF Iberia, S.L.U. (Nabiax)",,Subestacion electrica Cisneros-Nabiax,"Digital DHF Iberia - Alcala de Henares, Alcalá de Henares",MA-P02,Electrico,No,,,,40 MVA (132/20 kV),7.84,,,,Informacion publica,2025-01-16,Plazo finalizado,BOCM-20250115-30; exp. 2023P371,https://www.comunidad.madrid/transparencia/2023p371-proyecto-instalacion-1-subestacion-electrica-denominada-cisneros-nabiax-alcala-henares,OFICIAL,refutada,,base
MA-04,Madrid,Madrid,Alcala de Henares,"Digital DHF Iberia, S.L.U. (Nabiax)",,Plan Especial de Infraestructuras de la linea 132 kV a ST Cisneros,"Digital DHF Iberia - Alcala de Henares, Alcalá de Henares",MA-P02,Urbanistico,No,,,,40 MVA (132/20 kV),,,,,Aprobacion inicial,2023,En tramitacion,"Resumen ejecutivo 23-041, Portal de Transparencia de la Comunidad de Madrid",https://www.comunidad.madrid/transparencia/sites/default/files/regulation/documents/23-041_resumen_ejecutivo.pdf,OFICIAL,no_comprobable,,base
MA-05,Madrid,Madrid,Alcala de Henares,"Data Holding Future, S.L.U. (antes Telefonica de Espana, S.A.)",,Centro de datos con Autorizacion Ambiental Integrada AAI-1.011,Data Holding Future - Alcala de Henares,MA-P03,Ambiental,Si,,,,,,,,,Cambio de titularidad de la AAI,2020-05-26,Dejada sin efecto el 23-11-2021 por nuevo cambio de titularidad,BOCM 16-06-2020; exp. 10-IPPC-0008.6/2020,https://gestiona.comunidad.madrid/rlma_web/html/web/FichaNormativa.icm?ID=5253,OFICIAL,no_comprobable,,base
MA-06,Madrid,Madrid,Alcala de Henares; Meco,"Red Electrica de Espana, S.A.U.","Red Electrica de Espana, SAU",Linea aereo-subterranea 220 kV D/C de acceso a ST Cisneros 220 kV,"Red Electrica de Espana - Alcala de Henares, Anchuelo, Los Santos de la Humosa",MA-P04,Electrico,No,,,,220 kV,,,,7862946.03,Informacion publica y autorizacion,2026-05-07,Autorizada,BOCM-20260119-29 y BOCM-20260528-35; exp. 2023P1463,https://www.bocm.es/boletin/CM_Orden_BOCM/2026/01/19/BOCM-20260119-29.PDF,OFICIAL,verificada,A85309219,base
MA-07,Madrid,Madrid,Anchuelo; Alcala de Henares; Los Santos de la Humosa,"Red Electrica de Espana, S.A.U.","Red Electrica de Espana, SAU",Linea aereo-subterranea 220 kV D/C ST Anchuelo - ST Complutum,"Red Electrica de Espana - Alcala de Henares, Anchuelo, Los Santos de la Humosa",MA-P04,Electrico,No,,,,220 kV,,,,,"Autorizacion, aprobacion de proyecto y declaracion de utilidad publica",2026-05-07,Autorizada,BOCM-20260528-34; exp. 2023P629,https://www.bocm.es/boletin/CM_Orden_BOCM/2026/05/28/BOCM-20260528-34.PDF,OFICIAL,no_comprobable,A85309219,base
MA-08,Madrid,Madrid,Getafe,"Merlin Properties SOCIMI, S.A.",,Subestacion STC ESMAD 45/11 kV y linea de 45 kV,"Merlin Properties - Getafe, Madrid",MA-P05,Electrico,No,,,,40 MVA (45/11 kV),,,,701076.69,Informacion publica,2025-06-04,Informacion publica,"BOCM-20250604-46, BOCM num. 132; exp. 2025P108",https://bocm.es/boletin/CM_Orden_BOCM/2025/06/04/BOCM-20250604-46.PDF,OFICIAL,verificada,,base
MA-09,Madrid,Madrid,Getafe,"I-DE Redes Electricas Inteligentes, S.A.U.",,Subestacion de maniobra y reparto SMR Socimi-Hiland,"I-DE Redes Electricas Inteligentes - Alcobendas, Algete, Getafe",MA-P06,Electrico,No,,,,,,,,,Informacion publica,2025-08-30,Plazo finalizado,BOCM-20250829-22; exp. 2024P1475,https://www.comunidad.madrid/transparencia/2024p1475-proyecto-instalacion-subestacion-maniobra-y-reparto-smr-socimi-hiland-getafe-i-redes,OFICIAL,no_comprobable,,base
MA-10,Madrid,Madrid,Getafe; Madrid,"I-DE Redes Electricas Inteligentes, S.A.U.",,Linea subterranea 45 kV ST Villaverde - SMR Socimi-Hilanderas,"I-DE Redes Electricas Inteligentes - Alcobendas, Algete, Getafe",MA-P06,Electrico,No,,,,45 kV,,,,,Autorizacion,2025-12-23,Autorizada,"BOCM-20260113-47, BOCM num. 10; exp. 2024P407",https://www.bocm.es/boletin/CM_Orden_BOCM/2026/01/13/BOCM-20260113-47.PDF,OFICIAL,no_comprobable,,base
MA-11,Madrid,Madrid,Getafe,"Merlin Properties SOCIMI, S.A.",,Ocupacion temporal de la Vereda del Molino para linea 45 kV ST Retamar - SMR Hilanderas,"Merlin Properties - Getafe, Madrid",MA-P05,Patrimonial,No,,,,45 kV,,,,,Resolucion de ocupacion temporal de via pecuaria,2026-03-05,Resuelta,"BOCM-20260323-50, BOCM num. 69; exp. 1092/25",https://bocm.es/boletin/CM_Orden_BOCM/2026/03/23/BOCM-20260323-50.PDF,OFICIAL,no_comprobable,,base
MA-12,Madrid,Madrid,Madrid; Getafe,"Merlin Properties SOCIMI, S.A.",,Ocupacion temporal de las Veredas de San Martin,"Merlin Properties - Getafe, Madrid",MA-P05,Patrimonial,No,,,,,,,,,Ocupacion temporal de vias pecuarias,2026,En tramitacion,Exp. 0168/26,https://www.comunidad.madrid/transparencia/016826-ocupacion-temporal-vias-pecuarias-vereda-san-martin-y-vereda-del-camino-san-martin-madrid-y,OFICIAL,no_comprobable,,base
MA-13,Madrid,Madrid,Madrid (c/ Alfonso Gomez 4),"Interxion Espana, S.L. (Digital Realty)",,Ampliacion de la subestacion ST MAD-4/USA254,Interxion Espana - Madrid (c/ Alfonso Gomez 4),MA-P07,Electrico,No,,,,20 MVA (45/10 kV),,,,452620.0,Resolucion e informacion publica de un mes,2026-01-12,Informacion publica,"BOCM-20260112-49, BOCM num. 9; exp. 2025P628",https://www.bocm.es/boletin/CM_Orden_BOCM/2026/01/12/BOCM-20260112-49.PDF,OFICIAL,verificada,,base
MA-14,Madrid,Madrid,San Agustin del Guadalix,"DATA 4 Castilla, S.L.U.",,Subestacion transformadora 66/20 kV DATA 4 Ardales,DATA 4 Castilla - San Agustin del Guadalix,MA-P08,Electrico,No,,,,66/20 kV,,,,,Informacion publica,2025-11-27,Plazo finalizado,BOCM 26-11-2025; exp. 2025P36,https://www.comunidad.madrid/transparencia/2025p36-proyecto-instalacion-subestacion-6620-kv-data-4-ardales,OFICIAL,no_comprobable,,base
MA-15,Madrid,Madrid,San Agustin del Guadalix,"I-DE Redes Electricas Inteligentes, S.A.U.",,Subestacion STR Los Ardales 66/20 kV,"I-DE Redes Electricas Inteligentes - Alcobendas, Algete, Getafe",MA-P06,Electrico,No,,,,66/20 kV,,,,,Informacion publica,2025-12-24,Plazo finalizado,BOCM-20251223-30; exp. 2025P40,https://www.comunidad.madrid/transparencia/2025p40-proyecto-construccion-subestacion-denominada-str-ardales-san-agustin-guadalix-i-redes,OFICIAL,no_comprobable,,base
MA-16,Madrid,Madrid,San Agustin del Guadalix,"Data4 Castilla, S.L.",,"Planta de generacion para alimentar el centro de datos DC01 (parcela P3, SAU-8 Los Ardales)",DATA 4 Castilla - San Agustin del Guadalix,MA-P08,Municipal,Si,,,,,,,,,Informacion publica de licencia de instalacion y actividad (Ayuntamiento),2025-06-17,Informacion publica,"BOCM-20250702-100, BOCM num. 156",https://www.bocm.es/boletin/CM_Orden_BOCM/2025/07/02/BOCM-20250702-100.PDF,OFICIAL,no_comprobable,,base
MA-17,Madrid,Madrid,Algete; Fuente el Saz de Jarama; El Molar; San Agustin del Guadalix,"Data4 Infrastructure Spain, S.L.U.",,Ocupacion temporal de varias vias pecuarias,"Data4 Infrastructure Spain - Algete, El Molar, Fuente el Saz de Jarama",MA-P09,Patrimonial,No,,,,,,,,,Ocupacion temporal de vias pecuarias,2023,En tramitacion,Exp. 1053/23,https://www.comunidad.madrid/transparencia/105323-ocupacion-temporal-varias-vias-pecuarias-algete-fuente-saz-jarama-molar-y-san-agustin,OFICIAL,no_comprobable,,base
MA-18,Madrid,Madrid,Alcobendas; San Sebastian de los Reyes; Algete,"Equinix (Spain), S.A.U. (CIF A41696097)","Equinix (Spain), SAU",Plan Especial de Infraestructuras: linea 66 kV ST Algete - data center c/ La Pedriza 12,"Equinix (Spain) - Alcobendas, Algete, San Sebastian de los Reyes",MA-P10,Urbanistico,No,,,,66 kV,,,,,Informe ambiental estrategico,2025-01-17,Publicado,SIA 24/030; n. HG 23/030.00378,https://www.comunidad.madrid/transparencia/sites/default/files/regulation/documents/1_memoria_pe.pdf,OFICIAL,cita_no_verifica,A41696097,base
MA-19,Madrid,Madrid,Alcobendas; San Sebastian de los Reyes; Algete,"I-DE Redes Electricas Inteligentes, S.A.U. (para Equinix)",,Linea subterranea 66 kV ST Algete - c/ La Pedriza 12 (ILE15809),"I-DE Redes Electricas Inteligentes - Alcobendas, Algete, Getafe",MA-P06,Electrico,No,,,,66 kV,,,,,Autorizacion,2025-06-27,Autorizada,"BOCM-20250731-53, BOCM num. 181; exp. 2022P174",https://www.bocm.es/boletin/CM_Orden_BOCM/2025/07/31/BOCM-20250731-53.PDF,OFICIAL,no_comprobable,,base
MA-21,Madrid,Madrid,San Sebastian de los Reyes,"Equinix (Spain), S.A.U.","Equinix (Spain), SAU",Ocupacion de vias pecuarias (Cordel Matalpinonera y coladas),"Equinix (Spain) - Alcobendas, Algete, San Sebastian de los Reyes",MA-P10,Patrimonial,No,,,,,,,,,Ocupacion de vias pecuarias,2022,En tramitacion,Exp. 0903/22,https://www.comunidad.madrid/transparencia/090322-ocupacion-vias-pecuarias-cordel-matalpinonera-colada-arroyo-vinuelas-colada-camino-barajas,OFICIAL,no_comprobable,A41696097,base
MA-22,Madrid,Madrid,Alcobendas,"Equinix (Spain), S.A.U.","Equinix (Spain), SAU",Ampliacion del campus de centros de datos (Proyecto de Actuacion Especial),"Equinix (Spain) - Alcobendas, Algete, San Sebastian de los Reyes",MA-P10,Interes autonomico,Si,,,,,,460.0,Nota de prensa oficial de la Comunidad de Madrid,,Reconocimiento como Proyecto de Actuacion Especial,2025-06-27,Anunciado,Nota de prensa de la Comunidad de Madrid 27-06-2025,https://www.comunidad.madrid/noticias/2025/06/27/diaz-ayuso-cierra-equinix-inversion-460-millones-expandir-su-campus-centro-datos-alcobendas,OFICIAL-NP,no_comprobable,A41696097,base
MA-23,Madrid,Madrid,Alcala de Henares,"Microsoft 7724 Spain, S.L.U.",,"Plan Especial de Ordenacion del Sector 26, P.I. Las Matillas - campus de centros de datos",Microsoft 7724 Spain - Alcala de Henares,MA-P11,Urbanistico,Si,100.0,indeterminada,"Prensa: 22,3 MW actuales, objetivo 100 MW (no consta si es electrica o informatica)",,,40.0,Prensa,,Aprobacion inicial por Junta de Gobierno Local; informacion publica; evaluacion ambiental estrategica,2025-10-01,Informacion publica / alegaciones,SIA 25/139; BOCM 01-10-2025,https://www.comunidad.madrid/transparencia/sia-25139-plan-especial-sector-26-poligono-industrial-matillas-alcala-henares,OFICIAL-PRENSA,cita_no_verifica,,base
MA-24,Madrid,Madrid,Loeches; Torres de la Alameda; San Fernando de Henares,"Ignis Data Tria, S.L.U. (NIF B06963367)","Ignis Data Tria, SLU",PEI Henares Digital Campus - Fase 2 (CPD Data Tessera I y Data Tria I),"Ignis Data Tria - Loeches, San Fernando de Henares, Torres de la Alameda",MA-P12,Urbanistico,Si,484.0,electrica,Electrica: demanda autorizada 484 MW (112 MW por cada uno de los dos CPD),,167.6,,,,"Borrador y consulta de evaluacion ambiental estrategica, 30 dias habiles",2026-04,En plazo de alegaciones,SIA 26/081,https://www.comunidad.madrid/transparencia/sia-26081-plan-especial-infraestructuras-henares-digital-campus-fase-2-infraestructura-centro,OFICIAL,refutada,B06963367,base
MA-25,Madrid,Madrid,Torres de la Alameda; Loeches,"Ignis Data Tria, S.L.U.","Ignis Data Tria, SLU",PEI Henares Digital Campus - Fase 1,"Ignis Data Tria - Loeches, San Fernando de Henares, Torres de la Alameda",MA-P12,Urbanistico,Si,,,,,,,,,"Consulta de evaluacion ambiental estrategica, 30 dias habiles",2026-02-16,En plazo de alegaciones,SIA 26/010,https://www.comunidad.madrid/transparencia/sia-26010-plan-especial-infraestructuras-henares-digital-campus-varios-municipios,OFICIAL,no_comprobable,B06963367,base
MA-26,Madrid,Madrid,San Sebastian de los Reyes; Alcobendas,"Ignis Data Beta, S.L. (NIF B13685219)","Ignis Data Beta, SL",PEI Data Beta I (edificios DC-01 y DC-02),"Ignis Data Beta - Alcobendas, San Sebastian de los Reyes",MA-P13,Urbanistico,Si,250.0,electrica,Electrica: 250 MW de demanda asignada; 53 MW de suministro confirmado desde ST Arroyo de la Vega 220 kV,,21.25,,,,Documento borrador y consulta de evaluacion ambiental estrategica,2026-03-06,En plazo de alegaciones,SIA 26/036,https://www.comunidad.madrid/transparencia/sia-26036-plan-especial-infraestructuras-pei-data-beta-i-san-sebastian-reyes-y-alcobendas,OFICIAL,refutada,B13685219,base
MA-27,Madrid,Madrid,No consta,"Ignis Data Alfa, S.L.",,Centro de datos tramitado mediante Plan Especial de Infraestructuras,"Ignis Data Alfa - No consta, Villalbilla",MA-P14,Urbanistico,Si,,,,,,,,,Tomado en consideracion por la Aceleradora Urbanistica (5a sesion ordinaria),2026-06-11,En tramitacion,Aceleradora Urbanistica de la Comunidad de Madrid,https://www.comunidad.madrid/urbanismo/aceleradora-urbanistica,OFICIAL,no_comprobable,,base
MA-28,Madrid,Madrid,Daganzo de Arriba,"Cignus P2DC, S.L.",,"Centro de datos (poligono 1, parcelas 184, 182, 181, 10180 y 1180)",Cignus P2DC - Daganzo de Arriba,MA-P15,Ambiental,Si,,,,,,,,,Solicitud de Autorizacion Ambiental Integrada con evaluacion de impacto ambiental; informacion publica,2026-04-14,Plazo finalizado,BOCM num. 87 de 14-04-2026; exp. 26-IPPC-00071.6/2025,https://www.comunidad.madrid/transparencia/solicitud-autorizacion-ambiental-integrada-cignus-p2dc-sl-daganzo-arriba-exp-26-ippc-0007162025,OFICIAL,no_comprobable,,base
MA-29,Madrid,Madrid,Daganzo de Arriba,No publicado en la ficha,,Plan Especial de Infraestructuras del centro de proceso de datos de Daganzo,Plan Especial de Infraestructuras del centro de proceso de datos de Daganzo,MA-P16,Urbanistico,Si,,,,,,,,,Informe ambiental estrategico,2026-02-06,Publicado,SIA 25/130,https://www.comunidad.madrid/medio-ambiente/evaluacion-ambiental-estrategica,OFICIAL,no_comprobable,,base
MA-30,Madrid,Madrid,Getafe,No publicado en la ficha,,"Plan Especial de Mejora Urbana Las Hilanderas, P.I. de Los Angeles","Plan Especial de Mejora Urbana Las Hilanderas, P.I. de Los Angeles",MA-P17,Urbanistico,No,,,,,,,,,Consulta de evaluacion ambiental estrategica,2025-02-26,Plazo finalizado,SIA 25/020,https://www.comunidad.madrid/transparencia/sia-25020-plan-especial-mejora-urbana-hilanderas-poligono-industrial-angeles-getafe,OFICIAL,no_comprobable,,base
MA-31,Madrid,Madrid,Alcalá de Henares,"Digital DHF Iberia, S. L. U",,,"Digital DHF Iberia - Alcala de Henares, Alcalá de Henares",MA-P02,Electrico,No,,,,2 x 100 MVA 220/20 kV,,,,,Informacion publica,2025-03-11,,BOCM-20250311-35 (BOCM de 11-03-2025),https://www.bocm.es/boletin/CM_Orden_BOCM/2025/03/11/BOCM-20250311-35.PDF,OFICIAL,no_comprobable,,barrido MD
MA-32,Madrid,Madrid,San Fernando de Henares,"Iron Mountain Data Centers España, S. L. U",,alimentar un Centro de Datos ubicado en la Comunidad de Madrid,Iron Mountain Data Centers España - San Fernando de Henares,MA-P18,Electrico,No,,,,4 x 63 MVA 132/20 kV,,,,9802064.33,Informacion publica,2025-11-12,,BOCM-20251112-65 (BOCM de 12-11-2025); expte. 2024P1397,https://www.bocm.es/boletin/CM_Orden_BOCM/2025/11/12/BOCM-20251112-65.PDF,OFICIAL,verificada,,barrido MD
MA-33,Madrid,Madrid,Alcobendas,"ATLAS DC2, S. L",,,ATLAS DC2 - Alcobendas,MA-P19,Electrico,No,,,,2 x 100 MVA 132/20 kV,,,,,Informacion publica,2025-11-25,,BOCM-20251125-33 (BOCM de 25-11-2025),https://www.bocm.es/boletin/CM_Orden_BOCM/2025/11/25/BOCM-20251125-33.PDF,OFICIAL,no_comprobable,,barrido MD
MA-34,Madrid,Madrid,San Fernando de Henares,"Iron Mountain Data Centers España, S. L. U",,,Iron Mountain Data Centers España - San Fernando de Henares,MA-P18,Electrico,No,,,,4 x 63 MVA 132/20 kV,,,,,Informacion publica,2026-01-30,,BOCM-20260130-57 (BOCM de 30-01-2026),https://www.bocm.es/boletin/CM_Orden_BOCM/2026/01/30/BOCM-20260130-57.PDF,OFICIAL,no_comprobable,,barrido MD
MA-35,Madrid,Madrid,Villalbilla,"Ignis Data Alfa, S. L",,"conectar las instalaciones de un Centro de Procesamiento de Datos (CPD) Ignis Data Beta II de potencia 181,62 MW con la red de transporte, mediante un modelo de autoconsumo con excedentes","Ignis Data Alfa - No consta, Villalbilla",MA-P14,Electrico,No,,,,,,,,17435343.87,Informacion publica,2026-02-10,,BOCM-20260210-36 (BOCM de 10-02-2026),https://www.bocm.es/boletin/CM_Orden_BOCM/2026/02/10/BOCM-20260210-36.PDF,OFICIAL,verificada,,barrido MD
MDF-01,Madrid,,Alcobendas; San Sebastián de los Reyes,"I-De Redes Eléctricas Inteligentes, S. A",,,"I-DE Redes Electricas Inteligentes - Alcobendas, San Sebastián de los Reyes",MA-P01-2,Ambiental,Si,,,,,,,,,Informacion publica,2025-04-25,,BOCM-20250425-28 (BOCM de 25-04-2025); expte. 26-EIA-00023.1/2024,https://www.bocm.es/boletin/CM_Orden_BOCM/2025/04/25/BOCM-20250425-28.PDF,OFICIAL,no_comprobable,,ficha MD
MDF-02,Madrid,,Daganzo de Arriba,,,,Expediente MDF-02,MA-P02-2,Ambiental,Si,,,,,,,,,Informacion publica,2026-04-14,,BOCM-20260414-31 (BOCM de 14-04-2026); expte. 26-IPPC-00071.6/25,https://www.bocm.es/boletin/CM_Orden_BOCM/2026/04/14/BOCM-20260414-31.PDF,OFICIAL,no_comprobable,,ficha MD
MDF-03,Madrid,,Alcobendas,,,,Expediente MDF-03,MA-P03-2,Ambiental,Si,,,,,,,,,Informacion publica,2026-04-27,,BOCM-20260427-47 (BOCM de 27-04-2026),https://www.bocm.es/boletin/CM_Orden_BOCM/2026/04/27/BOCM-20260427-47.PDF,OFICIAL,no_comprobable,,ficha MD
MDF-04,Madrid,,Alcobendas,,,,Expediente MDF-04,MA-P01-3,Ambiental,No,,,,,,,,,Informacion publica,2023-12-13,,BOCM-20231213-41 (BOCM de 13-12-2023); expte. podrá,https://www.bocm.es/boletin/CM_Orden_BOCM/2023/12/13/BOCM-20231213-41.PDF,OFICIAL,no_comprobable,,ficha MD
NC-02,Navarra,Navarra,Pamplona,NASERTIC,,,NASERTIC - Pamplona,NC-P01,,Si,,,,,,,,,Informacion publica,2023-12-28,,"BON num. 267 de 2023, anuncio 32",https://bon.navarra.es/es/anuncio/-/texto/2023/267/32,OFICIAL,no_comprobable,,boletin NC
PVF-01,Pais Vasco,,Ribabellosa,"Merlín Logística, S.L.U (NIF B87046314)","Merlín Logística, SLU",as built,"Merlín Logística - Ribabellosa, Zierbena",PV-P01,Ambiental,No,,,,,,,,,Informacion publica,2023-12-22,,BOPV num. 05689 de 2023; expte. fue,https://www.euskadi.eus/y22-bopv/es/bopv2/datos/2023/12/2305689a.pdf,OFICIAL,verificada,B87046314,ficha PV
PVF-02,Pais Vasco,,Ribabellosa,"Merlín Logística, S.L.U (NIF B87046314)","Merlín Logística, SLU",,"Merlín Logística - Ribabellosa, Zierbena",PV-P01,Ambiental,No,,,,,,,,,Informacion publica,2025-01-08,,BOPV num. 00074 de 2025,https://www.euskadi.eus/y22-bopv/es/bopv2/datos/2025/01/2500074a.pdf,OFICIAL,verificada,B87046314,ficha PV
PVF-03,Pais Vasco,,Ribabellosa,,,,Expediente PVF-03,PV-P02,Ambiental,No,,,,,,,,,Informacion publica,2025-07-18,,BOPV num. 03166 de 2025; expte. AAI00453_MS_2024_002,https://www.euskadi.eus/y22-bopv/es/bopv2/datos/2025/07/2503166a.pdf,OFICIAL,no_comprobable,,ficha PV
PVF-04,Pais Vasco,Bizkaia,Zamudio,,,,Expediente PVF-04,PV-P03,Ambiental,No,,,,,,,,,Informacion publica,2025-11-14,,BOPV num. 04856 de 2025; expte. AAI00494_SOL_2025_001,https://www.euskadi.eus/y22-bopv/es/bopv2/datos/2025/11/2504856a.pdf,OFICIAL,no_comprobable,,ficha PV
PVF-05,Pais Vasco,Bizkaia,Zierbena,"Merlín Logística, S.L.U","Merlín Logística, SLU",,"Merlín Logística - Ribabellosa, Zierbena",PV-P01,Ambiental,No,,,,,,,,,Declaracion de impacto ambiental,2026-02-20,,BOPV num. 00782 de 2026; expte. AAI00013_SOL_2023_001,https://www.euskadi.eus/y22-bopv/es/bopv2/datos/2026/02/2600782a.pdf,OFICIAL,no_comprobable,B87046314,ficha PV
PVF-06,Pais Vasco,Bizkaia,Zamudio,"Moana Data, S.L (NIF B70639505)","Moana Data, SL",,Moana Data - Zamudio,PV-P04,Ambiental,Si,,,,,,,,,Informacion publica,2026-05-22,,BOPV num. 02178 de 2026; expte. fue,https://www.euskadi.eus/y22-bopv/es/bopv2/datos/2026/05/2602178a.pdf,OFICIAL,verificada,B70639505,ficha PV
PVF-07,Pais Vasco,,Ribabellosa,,,,Expediente PVF-07,PV-P05,Ambiental,No,,,,,,,,,Informacion publica,2026-06-24,,BOPV num. 02828 de 2026; expte. AAI00498_SOL_2026_001,https://www.euskadi.eus/y22-bopv/es/bopv2/datos/2026/06/2602828a.pdf,OFICIAL,no_comprobable,,ficha PV
PVF-08,Pais Vasco,,Laguardia,,,,Expediente PVF-08,PV-P06,Municipal,Si,,,,,,,,,Informacion publica,2021-09-20,,"BOTHA num. 107 de 2021, doc. 2021_107_03092_C",https://www.araba.eus/BOTHA/Boletines/2021/107/2021_107_03092_C.pdf,OFICIAL,no_comprobable,,ficha PV
PVF-09,Pais Vasco,Álava,Ribabellosa,,,,Expediente PVF-09,PV-P01-2,Ambiental,No,,,,,,,,,Informacion publica,2023-05-09,,BOPV num. 02486 de 2023; expte. AAI00453_SOL_2023_001,https://www.euskadi.eus/y22-bopv/es/bopv2/datos/2023/05/2302486a.pdf,OFICIAL,no_comprobable,,ficha PV
MCF-01,Region de Murcia,,Caravaca de la Cruz,Promoción y Desarrollo de Data Centers SL,,,Promoción y Desarrollo de Data Centers - Caravaca de la Cruz,RE-P01,Ambiental,Si,,,,,,,,1525419.83,Informacion publica,2026-06-24,,"BORM num. 143 de 2026, anuncio 3020; expte. EIA20260005",https://www.borm.es/services/anuncio/ano/2026/numero/3020/pdf,OFICIAL,verificada,,ficha MC
